STN Code,Sampling Date,Month,Sampling Time,Stn Name,Type Water Body,Name Of Water Body,River Basin,District,State Name,Mon Agency,Frequency,Major Polluting Sources,Use Based Class,Use of Water in Down Stream,Visibility Effluent Discharge,Weather,Approx Depth,Human Activities,Floating Matter,Color,Odor,Flow,Temperature,Dissolved O2,pH,Conductivity,BOD,Nitrate N,Fecal Coliform,Total Coliform,Fecal Streptococci,Turbidity,Phenophelene Alkanity,Total Alkalinity,Chlorides,COD,Total Kjeldahl N,Amonia N,Hardness CaCo3,Calcium CaCo3,Magnesium CaCo3,Sulphate,Sodium,Total Dissolved Solids,Total Fixed Solids,Total Suspended Solids,Phosphate,Boron,Potassium,Flouride,Remark,latitude,longitude,latitude_dd,longitude_dd
1092,08-04-2025,Aug,11:00:00,"Kalu river at Atale village, Village. Atale, Taluka. Kalyan, District. Thane.",River,Kalu,Kalu ,Thane,Maharashtra,Maharashtra PCB,Monthly,Industrial Effluent,A (Drinking Water source without conventional treatment but after disinfection),,Industrial,Clear,Less than 50cm,Others,Yes,Clear,,5.0,28.0,6.0,7.7,152.0,3.8,0.72,17.0,110.0,1.8(BDL),4.61,5(BDL),70,11,8.0,1.5(BDL),0.4,60.0,34.0,26.0,6.23,5.35,128.0,112.0,10(BDL),0.2,0.5(BDL),1(BDL),0.2(BDL),,19° 27,73° 10,19.45,73.16666666666667
1093,08-04-2025,Aug,10:45:00,"Ulhas river at U/s of NRC Bund, Village. Mohane, Taluka. Kalyan, District. Thane.",River,Ulhas,Ulhas ,Thane,Maharashtra,Maharashtra PCB,Monthly,,No Information,,,Clear,Greater than 100cm,Others,No,Clear,Odor Free,0.0,27.0,7.0,7.6,202.0,3.2,0.59,1.8,120.0,1.8(BDL),1.99,5(BDL),84,15,8.0,1.5(BDL),0.4,78.0,40.0,38.0,7.97,8.31,172.0,151.0,10(BDL),0.36,0.5(BDL),1(BDL),0.2(BDL),,19° 15,73° 15,19.25,73.25
1094,08-04-2025,Aug,15:15:00,"Ulhas river at U/s of Badlapur water works, Village. Kulgaon, Taluka. Ambernath, District. Thane.",River,Ulhas,Ulhas ,Thane,Maharashtra,Maharashtra PCB,Monthly,,No Information,,,Clear,Greater than 100cm,Others,Yes,Clear,Odor Free,0.0,28.0,6.8,7.7,194.0,3.4,0.45,1.8,58.0,1.8(BDL),1.11,5(BDL),76,15,8.0,1.5(BDL),0.4,70.0,38.0,32.0,5.13,5.75,162.0,143.0,10(BDL),0.31,0.5(BDL),1(BDL),0.2(BDL),,19°08.969,73°15.205 ,19.149483333333333,73.25341666666667
1095,08-05-2025,Aug,11:50:00,"Godavari river at U/s of Gangapur Dam, Village. Gangapur,Taluka. Nashik, District. Nashik.",Dam,Godavari,Godavari ,Nashik,Maharashtra,Maharashtra PCB,Monthly,Industrial Effluent,A (Drinking Water source without conventional treatment but after disinfection),,Industrial,Clear,Less than 50cm,Bathing,Yes,Clear,,0.0,,4.3,8.2,183.0,4.4,1.4,12.0,79.0,1.8(BDL),29.3,5(BDL),26,8.5,20.0,1.5(BDL),0.4,36.0,16.0,20.0,11.72,6.7,152.0,138.0,54,0.84,0.5(BDL),1(BDL),0.2(BDL),,20°02.400 ,73°40.751,20.04,73.67918333333333
1096,08-05-2025,Aug,13:25:00,"Godavari river at Ramkund, Village. Panchavati, Taluka. Nashik, District. Nashik.",River,Godavri,Godavri ,Nashik,Maharashtra,Maharashtra PCB,Monthly,Industrial Effluent,A (Drinking Water source without conventional treatment but after disinfection),,Industrial,Clear,Less than 50cm,"Bathing,Washing",Yes,Clear,,0.0,,4.0,7.6,310.0,6.0,2.56,13.0,150.0,1.8(BDL),36.5,5(BDL),66,19.49,24.0,1.5(BDL),0.4,84.0,46.0,38.0,66.92,12.29,253.0,224.0,42,0.75,0.5(BDL),1(BDL),0.2(BDL),,20°00.482,73°47.542,20.008033333333334,73.79236666666667
11,08-07-2025,Aug,11:00:00,"Wainganga river at Ashti, Village. Ashti, Taluka. Gondpipri, District.Chandrapur.",River,Wainganga,Wainganga ,Chandrapur,Maharashtra,Maharashtra PCB,Monthly,Industrial Effluent,A (Drinking Water source without conventional treatment but after disinfection),,Industrial,Clear,Less than 50cm,"Bathing,Washing",Yes,Clear,,0.0,20.0,7.2,8.4,487.0,3.2,3.7,110.0,280.0,1.8(BDL),1.0,12.6,194,26.49,8.0,1.5(BDL),0.4,216.0,107.8,108.2,36.22,38,340.0,285.0,30,0.2,0.5(BDL),2.7,0.2(BDL),,19°10.643,79°47.140 ,19.177383333333335,79.78566666666667
1151,08-05-2025,Aug,16:25:00,"Patalganga river at Shilphata bridge, Village.Khopoli,Taluka. Khalapur, District. Raigad.",River,Patalganga,Patalganga ,Raigad,Maharashtra,Maharashtra PCB,Monthly,Industrial Effluent,A (Drinking Water source without conventional treatment but after disinfection),,Industrial,Clear,Less than 50cm,Others,Yes,Clear,,0.0,27.0,6.8,7.3,144.0,3.8,0.3,63.0,540.0,6,1.0,5(BDL),32,11,20.0,1.5(BDL),0.4,36.0,16.0,20.0,11.27,5.95,122.0,107.0,10(BDL),0.3,0.5(BDL),1(BDL),0.2(BDL),,18°48.075 ,73°19.391,18.80125,73.32318333333333
1152,08-06-2025,Aug,16:05:00,"Kundalika river at Roha bridge,  Village.Roha, Taluka. Roha, District. Raigad.",River,Kundalika,Kundalika,Raigad,Maharashtra,Maharashtra PCB,Monthly,Industrial Effluent,A (Drinking Water source without conventional treatment but after disinfection),,Industrial,Clear,Less than 50cm,"Bathing,Washing,Gardening,Others",Yes,Clear,,0.0,29.0,7.4,7.7,158.0,1.8,0.3,94.0,430.0,6,1.0,5(BDL),36,12,8.0,1.5(BDL),0.4,28.0,14.0,14.0,5(BDL),6.6,134.0,118.0,10(BDL),0.38,0.5(BDL),1(BDL),0.2(BDL),,18°26.444 ,73°07.245,18.440733333333334,73.12075
1153,08-04-2025,Aug,04:55:00,"Krishna river at Rajapur Weir, Village. Rajapur, Taluka. Shirol, District. Kolhapur.",River,Krishna,Krishna,Kolhapur,Maharashtra,Maharashtra PCB,Monthly,,No Information,,,Clear,Less than 50cm,"Bathing,Washing,Fishing,Others",No,Clear,,0.0,26.0,7.1,7.8,169.0,2.6,1.14,5.6,25.0,1.8(BDL),1.0,5(BDL),62,12.95,16.0,1.5(BDL),0.44,61.2,40.0,21.2,8.8,5(BDL),129.0,116.0,11,0.2,,1(BDL),0.25,,16°37.717 ,74°39.893,16.628616666666666,74.66488333333334
1188,08-07-2025,Aug,14:15:00,"Bhima river at Narsingpur  near Sangam bridge after confluence with Nira, Village. Narsingpur, Taluka.Malshiros, District. Solapur.",River,Bhima,Bhima ,Solapur,Maharashtra,Maharashtra PCB,Monthly,,C (Drinking water source),,,Clear,Greater than 100cm,Others,No,Clear,,0.0,30.0,5.2,8.3,610.0,7.2,1.0,350.0,1600.0,49,1.59,5(BDL),108,62.23,28.0,1.68,0.53,172.0,86.0,86.0,36,29.88,483.0,392.0,13,0.51,1,1(BDL),0.2(BDL),,17° 30,75° 30,17.5,75.5
1189,08-05-2025,Aug,14:50:00,"Bhima river at Pune (Mutha river) at U/s of Vithalwadi near Shankar Mandir, Village. Vithalwadi, Taluka. Haweli, District. Pune.",River,Bhima,Bhima ,Pune,Maharashtra,Maharashtra PCB,Monthly,,A (Drinking Water source without conventional treatment but after disinfection),,,Clear,Less than 50cm,Others,Yes,Clear,,0.0,27.5,1.3,7.5,606.0,26.0,1.84,48.0,1600.0,4.5,7.31,5(BDL),120,44.49,80.0,6.72,2.64,174.0,88.0,86.0,5(BDL),30.71,479.0,390.0,34,0.2,1.8,5.41,0.7,,18°29.012 ,73°49.554,18.483533333333334,73.8259
1190,08-05-2025,Aug,11:55:00,"Bhima river at D/s of Bundgarden, Village . Yerwada,Taluka. Haweli, District. Pune.",River,Bhima,Bhima ,Pune,Maharashtra,Maharashtra PCB,Monthly,,A (Drinking Water source without conventional treatment but after disinfection),,,Clear,Less than 50cm,Others,Yes,Clear,,0.0,27.5,3.9,7.4,478.0,13.0,0.83,17.0,1600.0,2,3.86,90,20(BDL),41.24,40.0,3.36,1.5,134.0,66.0,68.0,6.29,28.38,378.0,306.0,10(BDL),0.2,1.7,4.72,0.9,,18°32.647 ,73°52.946,18.544116666666667,73.88243333333334
1191,08-04-2025,Aug,13:20:00,"Bhima river after confluence with Mula.Mutha at Pargaon near Vasant Bandara,Village. Pargaon,Taluka. Daund, District. Pune.",River,Bhima,Bhima ,Pune,Maharashtra,Maharashtra PCB,Monthly,,A (Drinking Water source without conventional treatment but after disinfection),,,Clear,Less than 50cm,Others,Yes,Clear,,0.0,28.0,3.2,7.3,370.0,13.5,0.92,1.8,350.0,1.8(BDL),1.81,5(BDL),68,32.49,48.2,2.8,0.83,104.0,54.0,50.0,5(BDL),25.27,292.0,237.0,11,0.2,0.5(BDL),4.78,0.2(BDL),,18°34.074 ,74°22.681,18.5679,74.37801666666667
1192,08-04-2025,Aug,14:40:00,"Bhima river at Daund near Mahadev temple,Village. Daund, Taluka. Daund, District. Pune.",River,Bhima,Bhima ,Pune,Maharashtra,Maharashtra PCB,Monthly,,A (Drinking Water source without conventional treatment but after disinfection),,,Clear,Less than 50cm,Others,Yes,Clear,,0.0,28.0,3.8,7.8,368.0,12.0,1.24,1.8,1600.0,1.8(BDL),1.19,5(BDL),64,32.29,60.2,2.24,0.59,102.0,50.0,52.0,8.16,27.97,288.0,232.0,15,0.2,0.7,1.98,0.2(BDL),,18°28.234 ,74°35.235,18.470566666666667,74.58725
1194,08-07-2025,Aug,12:15:00,"Krishna river at Dhom Dam, Village. Wai, Taluka.Mahabaleshwar, District.Satara.",River,Krishna,Krishna ,Satara,Maharashtra,Maharashtra PCB,Monthly,Industrial Effluent,A (Drinking Water source without conventional treatment but after disinfection),,Industrial,Raining,Less than 50cm,"Bathing,Washing",Yes,Clear,Odor Free,0.0,25.0,6.8,8.2,111.0,2.4,0.41,1.8,350.0,1.8(BDL),1.0,5(BDL),20(BDL),10.55,8.0,1.5(BDL),0.4,32.0,10.0,22.0,6.95,5(BDL),88.0,70.0,10(BDL),0.2,0.5(BDL),1(BDL),0.2(BDL),,17° 58,73° 50,17.966666666666665,73.83333333333333
12,08-04-2025,Aug,09:10:00,"Godavari river at Dhalegaon, Village. Dhalegaon, Taluka. Pathari,  District. Parbhani.",River,Godavari,Godavari,Parbhani,Maharashtra,Maharashtra PCB,Monthly,,"E (Irrigation, industrial cooling and controlled waste)",,,Clear,Greater than 100cm,Cultivation,Yes,Clear,,0.0,18.0,7.7,8.5,332.0,2.8,0.74,1.8,30.0,1.8(BDL),1.02,6,146,18.99,12.0,3.36,2.01,164.0,84.0,80.0,23.02,31.91,302.0,272.0,11,1.02,0.54,3.02,0.84,,19°13.524,76°21.854,19.2254,76.36423333333333
1209,08-05-2025,Aug,11:30:00,"Godavari river at Raher, Village.Raher, Taluka. Nayagaon, District. Nanded.",River,Godavari,Godavari,Nanded,Maharashtra,Maharashtra PCB,Monthly,Industrial Effluent,A (Drinking Water source without conventional treatment but after disinfection),,Industrial,Clear,Less than 50cm,Fishing,Yes,Clear,,0.0,31.0,6.0,8.1,721.0,3.8,3.2,1.8,21.0,1.8(BDL),1.03,6,100,54.98,16.0,4.48,0.41,148.0,64.0,84.0,63.3,46.8,353.0,318.0,10(BDL),0.77,0.53,3.24,0.89,,18°53.781,77°40.660,18.896349999999998,77.67766666666667
1210,08-05-2025,Aug,08:30:00,"Godavari river near Intake water pump house, Village. Vishnupuri, Taluka. Nanded, District. Nanded.",River,Godavari,Godavari,Nanded,Maharashtra,Maharashtra PCB,Monthly,Industrial Effluent,A (Drinking Water source without conventional treatment but after disinfection),,Industrial,Clear,Less than 50cm,"Fishing,Boating,Tourism Spot",Yes,Clear,,0.0,31.0,6.4,8.3,409.0,3.8,2.1,1.8,15.0,1.8(BDL),1.27,6,142,32.49,20.0,2.24,1.49,130.0,60.0,70.0,60.7,44.39,355.0,320.0,12,0.49,0.53,3.05,0.46,,19°07.611,77°16.763,19.12685,77.27938333333333
1211,08-05-2025,Aug,13:45:00,"Godavari river at D/s of Nashik near Amardham, Village. GadgebabaMaharaj Nagar, Taluka . Nashik, District. Nashik.",River,Godavri,Godavri ,Nashik,Maharashtra,Maharashtra PCB,Monthly,Industrial Effluent,A (Drinking Water source without conventional treatment but after disinfection),,Industrial,Clear,Less than 50cm,"Bathing,Washing",Yes,Clear,,0.0,,4.1,8.6,311.0,6.2,2.65,17.0,220.0,1.8(BDL),6.4,5(BDL),66,18.49,20.0,1.5(BDL),0.4,86.0,46.0,40.0,64.06,11.93,244.0,220.0,49,0.94,0.5(BDL),1(BDL),0.2(BDL),,20°00.109,73°47.842,20.001816666666667,73.79736666666666
1212,08-07-2025,Aug,12:15:00,"Wardha river at Rajura bridge, Village. Rajura, Taluka. Chandrapur, District. Chandrapur.",River,Wardha,Wardha ,Chandrapur,Maharashtra,Maharashtra PCB,Monthly,Industrial Effluent,A (Drinking Water source without conventional treatment but after disinfection),,Industrial,Clear,Less than 50cm,"Bathing,Washing",Yes,Clear,,0.0,20.0,7.0,8.4,467.0,3.3,3.83,79.0,110.0,1.8(BDL),1.1,12,204,28.49,8.0,2.24,0.74,209.8,115.2,94.6,37.96,39.2,355.0,301.0,34,0.2,0.5(BDL),3,0.2(BDL),,19° 48,79° 23,19.8,79.38333333333334
1251,08-06-2025,Aug,13:00:00,"Tapi river at U/s, Bhusawal,Village. Bhusawal Railway Colony, Taluka. Bhusawal, District. Jalgaon.",River,Tapi,Tapi ,Jalgaon,Maharashtra,Maharashtra PCB,Monthly,,No Information,,,Clear,Less than 50cm,Others,No,Clear,,1.0,23.0,4.6,8.6,382.0,3.8,2.9,13.0,170.0,1.8(BDL),7.98,5(BDL),54,16,20.0,1.5(BDL),0.58,70.0,40.0,30.0,49.16,15.02,222.0,199.0,50,0.71,0.5(BDL),1(BDL),0.2(BDL),,21°03.671,75°47.537,21.061183333333332,75.79228333333333
1252,08-07-2025,Aug,11:50:00,"Girna river at Jalgaon at intake of Girna pump huose, Village. Girna pump house area, Taluka. Jalgaon, District. Jalgaon.",River,Girna,Girna ,Jalgaon,Maharashtra,Maharashtra PCB,Monthly,,No Information,,,Clear,Less than 50cm,Others,No,Clear,,1.0,23.0,5.2,8.7,575.0,4.4,1.11,17.0,540.0,1.8(BDL),13.0,5(BDL),116,92.97,16.0,1.5(BDL),0.4,144.0,84.0,60.0,101.4,35.72,462.0,414.0,33,0.48,0.5(BDL),1(BDL),0.2(BDL),,20°59.372,75°30.942,20.989533333333334,75.5157
1253,08-05-2025,Aug,00:00:00,"Girna river at Malegaon road bridge, Village. Malegaon, Taluka. Malegaon, District. Nashik.",River,Girrna,Girrna ,Nashik,Maharashtra,Maharashtra PCB,Monthly,,,,,,,,,,,,,,,,,,,,,,,,,,,,,,,,,,,,,,,,Dry river,20°32.106,74°31.220,20.5351,74.52033333333333
1310,08-04-2025,Aug,05:30:00,"Krishna river at Kurundwad near Santaji Ghorpade Ghat , Village.Narshingwadi, Kurundwad, Taluka. Shirol, District. Kolhapur.",River,Krishna,Krishna,Kolhapur,Maharashtra,Maharashtra PCB,Monthly,,No Information,,,Clear,Less than 50cm,"Bathing,Washing,Fishing,Others",No,Clear,,0.0,26.0,7.0,7.7,167.0,2.8,1.15,5.6,25.0,1.8(BDL),1.0,5(BDL),62,12.75,16.0,1.5(BDL),0.4,62.2,41.8,20.4,8.5,5(BDL),128.0,115.0,11,0.2,,1(BDL),0.2(BDL),,16°41.276,74°36.055,16.687933333333334,74.60091666666666
1311,08-04-2025,Aug,04:05:00,"Panchaganga river at Ichalkaranji near MIDC  intake well. Village. Shiradhwad  (Ichalkaranji ghat), Taluka.Hatkanangale, District. Kolhapur.",River,Panchganga,Panchganga,Kolhapur,Maharashtra,Maharashtra PCB,Monthly,,No Information,,,Clear,Less than 50cm,"Bathing,Washing,Fishing,Others",No,Clear,,0.0,26.0,6.8,7.8,142.0,2.8,0.91,9.3,34.0,1.8(BDL),1.0,5(BDL),58,10.4,12.0,1.5(BDL),0.4,61.0,42.4,18.6,7.5,5(BDL),112.0,101.0,12,0.2,,1(BDL),0.22,,16°39.950,74°28.495,16.66583333333333,74.47491666666667
1312,08-05-2025,Aug,16:30:00,"Godavari river at Jaikwadi Dam, Village. Paithan, Taluka. Paithan, District.Ch. Sambhaji Nagar.",River,Godavari,Godavari,Ch. Sambhaji Nagar,Maharashtra,Maharashtra PCB,Monthly,Industrial Effluent,A (Drinking Water source without conventional treatment but after disinfection),,Industrial,Clear,Greater than 100cm,Others,No,Clear,Odor Free,1.0,28.0,6.7,8.4,575.0,3.2,0.54,1.8,35.0,1.8(BDL),1.0,6,122,58.48,16.0,1.68,0.43,144.0,64.0,80.0,72,60.44,497.0,448.0,10(BDL),0.78,0.58,2.88,0.5,,19°29.263',75°22.272',19.487716666666667,75.3712
1313,08-06-2025,Aug,15:00:00,"Tapi river at Ajnad village, Village.Ajnad , Taluka. Raver, District.Jalgaon.",River,Tapi,Tapi ,Jalgaon,Maharashtra,Maharashtra PCB,Monthly,,No Information,,,Clear,Less than 50cm,Others,No,Clear,,1.0,23.0,5.8,8.5,276.0,3.6,3.0,10.0,280.0,1.8(BDL),20.5,5(BDL),48,16,12.0,1.5(BDL),0.4,62.0,34.0,28.0,52.92,14.06,220.0,195.0,29,0.72,0.5(BDL),1(BDL),0.2(BDL),,21°14.696,76°08.898,21.244933333333332,76.1483
1314,08-05-2025,Aug,02:40:00,"Tapi river at Ubad village near Gujratborder, Village. Ubad, Taluka. Shahada, District. Nandurbar.",River,Tapi,Tapi ,Dhule,Maharashtra,Maharashtra PCB,Monthly,Industrial Effluent,A (Drinking Water source without conventional treatment but after disinfection),,Industrial,Clear,Less than 50cm,Others,Yes,Clear,,0.0,22.0,4.2,8.1,305.0,6.0,2.74,14.0,220.0,1.8(BDL),26.4,5(BDL),54,22.49,20.0,1.68,0.68,70.0,40.0,30.0,67.18,19.22,247.0,221.0,69,0.95,0.5(BDL),1(BDL),0.2(BDL),,21°31.799,74°19.149,21.529983333333334,74.31915
1315,08-07-2025,Aug,16:30:00,"Wardha river at Pulgaon Railway Bridge, Village. Pulgaon,Taluka . Wardha, District. Wardha.",River,Wardha,Wardha ,Nagpur,Maharashtra,Maharashtra PCB,Monthly,Municipal Sewage,"E (Irrigation, industrial cooling and controlled waste)",,,Clear,Less than 50cm,"Bathing,Fishing",Yes,Clear,,0.0,22.0,6.9,8.5,421.0,3.0,2.32,49.0,170.0,1.8(BDL),1.0,11.6,215,19.99,12.0,1.5(BDL),0.4,198.6,109.0,89.6,20.32,38.2,290.0,238.0,16,0.2,0.5(BDL),3.1,0.2(BDL),,20° 30,78° 20,20.5,78.33333333333333
1316,08-07-2025,Aug,12:25:00,"Bassein creek at VasaiFort , Village. Bassein, Taluka. Vasai, District. Thane.",Creek,Bassein,Bassein ,Thane,Maharashtra,Maharashtra PCB,Monthly,Industrial Effluent,A (Drinking Water source without conventional treatment but after disinfection),,Industrial,Clear,Less than 50cm,Others,Yes,Clear,,0.0,29.0,4.4,7.6,27990.0,14.0,0.91,110.0,540.0,,2.35,5(BDL),102,12296.19,204.0,2.24,0.4,3420.0,560.0,2860.0,1536,4824.5,25589.0,22518.0,52,0.26,1.1,210,0.52,,19° 18,72° 46,19.3,72.76666666666667
1317,08-07-2025,Aug,08:00:00,"Thane creek at Elephanta Island, Village. Elephanta Island , Taluka. Mumbai, District. Mumbai.",Creek,Eliphanta Island, Eliphanta Island,Mumbai,Maharashtra,Maharashtra PCB,Monthly,Industrial Effluent,No Information,,Industrial,Clear,Less than 50cm,Others,Yes,Clear,Odor Free,0.0,28.0,4.4,7.9,31260.0,12.0,0.95,140.0,540.0,,1.74,5(BDL),120,12995.97,60.0,2.24,0.4,4200.0,840.0,3360.0,1092.5,4879,27920.0,24572.0,38,0.25,1.95,126.55,0.58,,18° 57,72° 57,18.95,72.95
1318,08-06-2025,Aug,10:00:00,"Mahim creek at Mahim Bay, Village. Mahim, Taluka. Mumbai, District. Mumbai.",Creek,Mahim Creek,Mahim Creek,Mumbai,Maharashtra,Maharashtra PCB,Monthly,Industrial Effluent,No Information,,Industrial,Clear,Less than 50cm,Others,Yes,Clear,Odor Free,0.0,28.0,4.6,7.9,31010.0,14.0,0.93,430.0,920.0,,2.1,5(BDL),126,11746.36,64.0,2.24,0.4,4240.0,780.0,3420.0,1033,9127,27358.0,24195.0,32,0.24,1.72,201.55,0.53,,19° 02,72° 48,19.033333333333335,72.8
1461,08-06-2025,Aug,12:00:00,"Bhatsa river at D/s of Pise Dam, Village. Pise, Taluka. Bhiwandi, District. Thane.",River,Bhatsa,Bhatsa ,Thane,Maharashtra,Maharashtra PCB,Monthly,,No Information,,,Clear,Less than 50cm,Others,Yes,Clear,Odor Free,0.0,30.0,7.2,7.8,171.0,3.0,0.89,1.8,94.0,1.8(BDL),1.0,5(BDL),80,12,8.0,2.24,0.4,80.0,40.0,40.0,5(BDL),7.66,145.0,126.0,10(BDL),0.28,0.5(BDL),1(BDL),0.2(BDL),,19°18.919',73°10.991 ',19.315316666666668,73.18318333333333
1462,08-05-2025,Aug,13:10:00,"Patalganga river near intake of MIDC water works  (Turade w/w). Village. Turade, Taluka. Khalapur, District. Raigad.",River,Patalganga,Patalganga ,Raigad,Maharashtra,Maharashtra PCB,Monthly,Industrial Effluent,A (Drinking Water source without conventional treatment but after disinfection),,Industrial,Clear,Less than 50cm,Others,Yes,Clear,,0.0,28.0,7.0,7.6,191.0,3.4,0.54,14.0,130.0,1.8(BDL),1.0,5(BDL),68,17.99,16.0,1.5(BDL),0.4,72.0,36.0,36.0,15.27,5.04,165.0,145.0,10(BDL),0.33,0.5(BDL),1(BDL),0.2(BDL),,18°53.222',73°10.761 ',18.887033333333335,73.17935
1463,08-07-2025,Aug,10:30:00,"Nira river at Sarola bridge, Village. Sarola, Taluka.Bhor, District. Pune.",River,Nira,Nira ,Pune,Maharashtra,Maharashtra PCB,Monthly,,A (Drinking Water source without conventional treatment but after disinfection),,,Clear,Less than 50cm,Others,Yes,Clear,,0.0,27.5,4.5,7.9,236.0,6.2,0.6,9.2,540.0,1.8(BDL),1.0,42,20(BDL),15.15,16.0,1.5(BDL),0.4,68.0,32.0,36.0,6.71,8.75,187.0,155.0,11,0.2,0.9,1(BDL),0.2(BDL),,18°10.588',73°57.287 ',18.176466666666666,73.95478333333334
1904,08-04-2025,Aug,11:45:00,"Panchaganga river at U/s of Kolhapur town near Balinga Pumping station, Village.Balinga, Taluka. Karvir, District. Kolhapur.",River,Panchganga,Panchganga,Kolhapur,Maharashtra,Maharashtra PCB,Monthly,,No Information,,,Clear,Less than 50cm,"Bathing,Washing,Fishing,Others",No,Clear,,0.0,26.0,6.9,7.6,92.0,3.0,0.78,5.6,25.0,1.8(BDL),1.0,5(BDL),42,7.85,16.0,1.5(BDL),0.4,41.8,30.2,11.6,7.8,5(BDL),76.0,68.0,10(BDL),0.2,,1(BDL),0.27,,16°41.553',74°09.973',16.69255,74.16621666666667
1905,08-04-2025,Aug,07:40:00,"Panchaganga river at D/s of Kolhapur town at Gandhi nagar near NH.4 bridge and MIDC, Village. Uchegaon, Taluka. Kolhapur, District. Kolhapur.",River,Panchganga,Panchganga,Kolhapur,Maharashtra,Maharashtra PCB,Monthly,,No Information,,,Clear,Less than 50cm,"Bathing,Washing,Fishing,Others",No,Clear,,0.0,26.0,7.1,7.8,130.0,2.8,0.91,5.6,24.0,1.8(BDL),1.0,5(BDL),60,10.4,24.0,1.5(BDL),0.54,61.0,41.0,20.0,6.5,5(BDL),104.0,94.0,12,0.2,,1(BDL),0.2(BDL),,16°42.697',74°16.822',16.711616666666668,74.28036666666667
1906,08-04-2025,Aug,13:15:00,"Krishna river at Walwa, D/s of Islampur near Vithal Temple, Village. Walwa, Taluka. Walwa, District. Sangli.",River,Krishna,Krishna,Sangli,Maharashtra,Maharashtra PCB,Monthly,Industrial Effluent,A (Drinking Water source without conventional treatment but after disinfection),,Industrial,Cloudy,Less than 50cm,Others,No,Clear,Odor Free,0.0,27.0,6.7,7.9,2244.0,2.8,1.12,6.1,24.0,1.8(BDL),1.0,5(BDL),1100,8.35,16.0,1.5(BDL),0.4,99.6,63.2,36.4,6.24,5(BDL),168.0,151.0,12,0.2,,1(BDL),0.2(BDL),,17°01.674,74°22.131',17.0279,74.36885
1907,08-06-2025,Aug,01:30:00,"Rangavali river at D/s of Navapur near Rangavali bridge, Village. Navapur, Taluka. Navapur, District. Nandurbar.",River,Rangavali,Rangavali ,Dhule,Maharashtra,Maharashtra PCB,Monthly,Industrial Effluent,A (Drinking Water source without conventional treatment but after disinfection),,Industrial,Clear,Less than 50cm,Others,Yes,Clear,,0.0,20.0,5.2,8.3,281.0,4.0,1.83,20.0,350.0,1.8(BDL),11.8,5(BDL),50,10.5,12.0,1.5(BDL),0.4,64.0,36.0,28.0,28.76,9.67,228.0,205.0,42,1.02,0.5(BDL),1(BDL),0.2(BDL),,21°09.794',73°47.211',21.163233333333334,73.78685
1908,08-06-2025,Aug,13:25:00,"Kolar river before confluence with Kanhan river at Waregaon Bridge, Village. Waregaon, Taluka.Kamptee, District.Nagpur.",River,Kanhan,Kanhan ,Nagpur,Maharashtra,Maharashtra PCB,Monthly,Municipal Sewage,"E (Irrigation, industrial cooling and controlled waste)",,,Clear,Less than 50cm,"Bathing,Washing,Fishing",Yes,Clear,,0.0,22.0,5.1,8.5,713.0,4.8,1.19,110.0,280.0,1.8(BDL),1.0,14.2,243,65.98,24.0,2.24,0.63,301.0,176.4,124.6,68.16,57.9,478.0,387.0,26,1.11,0.5(BDL),4.1,0.2(BDL),,21° 13',79° 12',21.216666666666665,79.2
1909,08-08-2025,Aug,14:20:00,"Kanhan river at D/s of Nagpur, Village. Agargaon, Taluka. Kuhi, District. Nagpur.",River,Kanhan,Kanhan ,Nagpur,Maharashtra,Maharashtra PCB,Monthly,Municipal Sewage,"E (Irrigation, industrial cooling and controlled waste)",,,Clear,Less than 50cm,"Bathing,Washing,Fishing",Yes,Clear,,0.0,20.0,6.4,8.2,244.0,3.6,1.09,110.0,170.0,1.8(BDL),4.3,6.8,1204,11.5,12.0,1.5(BDL),0.4,113.4,81.4,32.0,29.13,15.4,178.0,144.0,22,0.2,0.5(BDL),2.5,0.2(BDL),,21° 15',79° 08',21.25,79.13333333333334
1910,08-08-2025,Aug,15:25:00,"Wainganga river after confluence with Kanhan river, Village. Ambhora,Taluka. Kuhi, District. Nagpur.",River,Kanhan,Kanhan ,Nagpur,Maharashtra,Maharashtra PCB,Monthly,Municipal Sewage,"E (Irrigation, industrial cooling and controlled waste)",,,Clear,Less than 50cm,"Bathing,Fishing,Tourism Spot",Yes,Clear,,0.0,20.0,6.2,8.2,284.0,3.8,1.14,110.0,220.0,1.8(BDL),6.0,5.6,120,10,12.0,1.5(BDL),0.4,118.0,80.4,37.6,29.13,13.6,216.0,177.0,12,0.2,0.5(BDL),2.3,0.2(BDL),,21° 16',79° 10',21.266666666666666,79.16666666666667
1911,08-07-2025,Aug,12:25:00,"Chandrabhaga river at U/s of Pandharpur town, Village. Gursale,Taluka. Pandharpur, District. Solapur.",River,Chandrabhaga,Chandrabhaga ,Solapur,Maharashtra,Maharashtra PCB,Monthly,,C (Drinking water source),,,Clear,Greater than 100cm,Others,No,Clear,,0.0,30.0,5.1,8.2,816.0,7.6,0.92,12.0,430.0,1.8(BDL),2.41,5(BDL),162,82.42,32.0,2.24,0.69,228.0,118.0,110.0,8.51,32.85,648.0,530.0,11,0.22,0.5(BDL),1.99,0.2(BDL),,17°43.797',75°18.745',17.72995,75.31241666666666
1912,08-07-2025,Aug,11:30:00,"Chandrabhaga river at D/s of Pandharpur town rear Vishnupant Mandir, Village. Gopalpur,Taluka. Pandharpur,District. Solapur.",River,Chandrabhaga,Chandrabhaga ,Solapur,Maharashtra,Maharashtra PCB,Monthly,,B (Outdoor bathing(Organized)),,,Clear,Greater than 100cm,"Bathing,Washing,Boating",No,Clear,,0.0,30.0,4.7,8.3,796.0,8.6,1.56,1.8,540.0,1.8(BDL),2.43,6,154,78.93,36.0,1.5(BDL),0.4,224.0,114.0,110.0,8.16,48.57,624.0,510.0,16,0.93,0.5(BDL),1.16,0.7,,17°40.086',75°20.839',17.6681,75.34731666666667
1913,08-04-2025,Aug,04:30:00,"Purna River at Dhupeshwar at u/s of Malkapur water works, Malkapur, Dist.Akola",River,Purna,Purna ,Akola,Maharashtra,Maharashtra PCB,Monthly,,A (Drinking Water source without conventional treatment but after disinfection),,,Clear,Less than 50cm,Others,Yes,Clear,,3.0,21.0,7.0,8.6,496.0,4.4,3.2,79.0,130.0,1.8(BDL),55.0,12,196,41.04,12.0,2.24,0.51,205.2,123.6,81.6,30,42.2,340.0,285.6,22,0.2,0.5(BDL),3.4,0.2(BDL),,"20  ?09.010'N,","76  ? 33.625' E,",20.150166666666667,76.56041666666667
2155,08-05-2025,Aug,09:10:00,"Purna river at D/s of confluence of Morna and Purna, at Andura Village, Village. Andura, Taluka. Balapur, District. Akola.",River,Morna,Morna ,Akola,Maharashtra,Maharashtra PCB,Monthly,,A (Drinking Water source without conventional treatment but after disinfection),,,Clear,Less than 50cm,Others,Yes,Clear,,3.0,25.0,7.0,8.5,565.0,4.7,3.5,79.0,170.0,1.8(BDL),8.3,12.2,226,63.48,16.0,1.5(BDL),0.4,244.2,135.4,108.8,43.56,64.9,430.0,374.1,36,0.24,0.5(BDL),4.2,,,20  ?53.200N,76  ?51.364 E,20.886666666666667,76.85606666666666
2156,08-07-2025,Aug,17:30:00,"Wardha river at confluence point of Penganga & Wardha. Village. Jugad, Taluka. Wani, District. Yavatmal.",River,Penganga,Penganga ,Chandrapur,Maharashtra,Maharashtra PCB,Monthly,Industrial Effluent,A (Drinking Water source without conventional treatment but after disinfection),,Industrial,Clear,Less than 50cm,"Bathing,Washing",Yes,Clear,,0.0,20.0,6.9,8.4,523.0,3.2,3.82,79.0,170.0,1.8(BDL),1.0,15.6,196,27.99,8.0,1.68,0.54,211.8,112.6,99.2,37.96,41.3,377.0,320.0,21,0.2,0.5(BDL),2.8,0.2(BDL),,19°53.943,79°08.911,19.89905,79.14851666666667
2157,08-03-2025,Aug,08:00:00,"Godavari river at Latur water intake near Pump house. Village. Dhamegaon, Taluka. Kalumb, District. Dharashiv",River,Godavari,Godavari,Latur,Maharashtra,Maharashtra PCB,Monthly,,A (Drinking Water source without conventional treatment but after disinfection),,,Cloudy,50-100cm,Fishing,Yes,Light Brown,Odor Free,1.0,20.0,7.0,8.3,506.0,3.2,1.8,1.8,21.0,1.8(BDL),1.2,6,150,52.48,16.0,3.36,1.35,140.0,64.0,76.0,46.5,46.91,418.0,377.0,12,0.2,0.56,4.48,0.99,,18°33.243,76°08.899,18.55405,76.14831666666667
2158,08-05-2025,Aug,16:00:00,"Godavari river at U/s of Paithan at Paithan intake pump house, Village. Jayakwadi, Taluka. Paithan, District. Ch. Sambhaji Nagar.",River,Godavari,Godavari,Ch. Sambhaji Nagar,Maharashtra,Maharashtra PCB,Monthly,Industrial Effluent,A (Drinking Water source without conventional treatment but after disinfection),,Industrial,Clear,Greater than 100cm,Others,No,Clear,Odor Free,3.0,28.0,6.6,8.3,576.0,3.2,0.52,1.8,25.0,1.8(BDL),1.02,6,120,63.48,16.0,2.8,0.86,142.0,66.0,76.0,68.88,61.1,489.0,441.0,11,0.71,0.61,3.14,0.41,,19°30.887,75°22.457,19.514783333333334,75.37428333333334
2159,08-05-2025,Aug,17:15:00,"Godavari river at D/s of Paithan at Pathegaon bridge, Village. Pathegaon, Taluka. Paithan, District. Ch. Sambhaji Nagar.",River,Godavari,Godavari,Ch. Sambhaji Nagar,Maharashtra,Maharashtra PCB,Monthly,Industrial Effluent,A (Drinking Water source without conventional treatment but after disinfection),,Industrial,Clear,Greater than 100cm,Others,No,Clear,Odor Free,3.0,28.0,6.9,8.5,573.0,3.2,0.56,1.8,20.0,1.8(BDL),1.02,6,140,58.98,16.0,3.36,1.8,140.0,62.0,78.0,68.54,67.84,491.0,442.0,11,0.76,0.56,3.16,0.45,,19°28.835,75°23.835,19.480583333333332,75.39725
2160,08-05-2025,Aug,15:00:00,"Godavari river at U/s of Aurangabad Reservoir,Kaigaon Tokka near Kaigaon bridge,Village. Kaigaon,Taluka. Gangapur,District. Ch. Sambhaji Nagar.",River,Godavari,Godavari,Ch. Sambhaji Nagar,Maharashtra,Maharashtra PCB,Monthly,Industrial Effluent,A (Drinking Water source without conventional treatment but after disinfection),,Industrial,Clear,Greater than 100cm,Others,No,Clear,Odor Free,3.0,28.0,7.0,7.9,592.0,3.4,0.58,1.8,13.0,1.8(BDL),1.02,6,140,55.98,20.0,2.24,0.4,140.0,72.0,68.0,73.3,55.38,479.0,612.0,10(BDL),1.47,0.55,3.13,0.6,,19°37.463,75°01.490,19.624383333333334,75.02483333333333
2161,08-04-2025,Aug,15:30:00,"Godavari river at Jalna Intake water pump house, Village. Shahabad, Taluka. Ambad, District. Jalna.",River,Godavari,Godavari,Jalna,Maharashtra,Maharashtra PCB,Monthly,Industrial Effluent,A (Drinking Water source without conventional treatment but after disinfection),,Industrial,Clear,Less than 50cm,Others,Yes,Clear,,2.0,29.0,6.6,8.7,922.0,3.8,0.63,1.8,14.0,1.8(BDL),1.03,6,130,98.47,20.0,1.68,0.44,160.0,82.0,78.0,128.8,114.98,765.0,689.0,12,0.33,0.56,4.57,0.49,,19°21.392,75°42.870,19.356533333333335,75.7145
2162,08-04-2025,Aug,14:25:00,"Ulhas river at Jambhul water works, Village. Jambhul, Taluka. Ambernath, District. Thane.",River,Ulhas,Ulhas ,Thane,Maharashtra,Maharashtra PCB,Monthly,,No Information,,,Clear,Greater than 100cm,Others,No,Clear,Odor Free,0.0,28.0,7.4,7.7,188.0,3.0,0.53,1.8,79.0,1.8(BDL),1.34,5(BDL),80,14.5,12.0,1.5(BDL),0.4,70.0,36.0,34.0,6.07,7.97,160.0,141.0,10(BDL),0.32,0.5(BDL),1.39,0.2(BDL),,19°12.012,73°13.612,19.2002,73.22686666666667
2163,08-04-2025,Aug,06:05:00,"Panchaganga river at Shirol near Shirol Intake well, Village. Shirol, Taluka. Shirol, District. Kolhapur.",River,Panchganga,Panchganga,Kolhapur,Maharashtra,Maharashtra PCB,Monthly,,No Information,,,Clear,Less than 50cm,"Bathing,Washing,Fishing,Others",No,Clear,,0.0,26.0,6.9,7.7,153.0,3.0,0.97,5.5,24.0,1.8(BDL),1.0,5(BDL),58,12.9,20.0,1.5(BDL),0.42,58.2,40.0,18.2,9.6,5(BDL),118.0,106.0,12,0.2,,1(BDL),0.36,,16º43.313',74º35.672',16.721883333333334,74.59453333333333
2164,08-06-2025,Aug,05:05:00,"Vashishti river at U/s of Three M Paper Mills near M/s Multifilms Plastic  Pvt. Ltd ., Village. Kherdi, Taluka. Chiplun, District. Ratnagiri.",River,Vashisthi,Vashisthi,Ratnagiri,Maharashtra,Maharashtra PCB,Monthly,Industrial Effluent,A (Drinking Water source without conventional treatment but after disinfection),,Industrial,Clear,Less than 50cm,Others,Yes,Clear,,0.0,,6.8,7.3,130.0,2.6,0.58,6.8,26.0,1.8(BDL),1.0,5(BDL),56,5(BDL),12.0,1.5(BDL),0.4,60.6,34.8,25.8,6.01,5(BDL),102.0,92.0,12,0.2,,1(BDL),0.31,,17°31.513,73°33.057,17.525216666666665,73.55095
2165,08-07-2025,Aug,12:00:00,"Sea water at Gateway of India, Village. Colaba, Taluka. Colaba, District. Mumbai.",Sea,Gate Way of India, Gate Way of India,Mumbai,Maharashtra,Maharashtra PCB,Monthly,Industrial Effluent,No Information,,Industrial,Clear,Less than 50cm,Others,Yes,Clear,Odor Free,0.0,28.0,4.4,8.0,31140.0,16.0,0.95,220.0,540.0,,1.87,5(BDL),136,16994.73,80.0,2.24,0.4,3920.0,740.0,3180.0,1108,7885,30310.0,26673.0,48,0.24,1.48,99.3,0.57,,18°55.348,72°50.081,18.922466666666665,72.83468333333333
2166,08-07-2025,Aug,13:45:00,"Sea water at Charni road choupathy, Village. Girgaon, Taluka. Mumbai, District. Mumbai.",Sea,Churni Road,Churni Road,Mumbai,Maharashtra,Maharashtra PCB,Monthly,Industrial Effluent,No Information,,Industrial,Clear,Less than 50cm,Others,Yes,Clear,Odor Free,0.0,28.0,4.4,7.9,31220.0,14.0,0.93,220.0,920.0,,2.16,5(BDL),130,15995.04,76.0,2.24,0.44,3980.0,740.0,3240.0,1108,7158,29920.0,26330.0,50,0.22,1.53,356,0.56,,18°56.977,72°49.127,18.949616666666667,72.81878333333333
2167,08-06-2025,Aug,11:00:00,"Sea water at Worli seaface, Village. Worli, Taluka. Worli, District. Mumbai.",Sea,Worli Seaface,Worli Seaface,Mumbai,Maharashtra,Maharashtra PCB,Monthly,Industrial Effluent,No Information,,Industrial,Clear,Less than 50cm,Others,Yes,Clear,Odor Free,0.0,28.0,4.6,7.8,31240.0,12.0,0.95,140.0,540.0,,1.69,5(BDL),144,16794.79,72.0,2.24,0.4,4000.0,780.0,3220.0,1019,8499,30910.0,27201.0,48,0.23,1.6,216.4,0.55,,18°59.820,72°48.722,18.997,72.81203333333333
2168,08-05-2025,Aug,13:00:00,"Mithi river near Road bridge, Village. Mahim, Taluka. Bandra, District. Mumbai.",River,Mithi River,Mithi River,Mumbai,Maharashtra,Maharashtra PCB,Monthly,Industrial Effluent,No Information,,Muncipal Sewage,Clear,Less than 50cm,Others,Yes,Clear,,0.0,28.0,0.3,7.4,648.0,38.0,1.93,1400.0,5400.0,110,2.79,5(BDL),178,77.98,112.0,19.04,11.68,130.0,84.0,46.0,22.43,38.98,488.0,414.0,20,1.95,0.5(BDL),11.36,0.2(BDL),,19°03.095,72°50.907,19.051583333333333,72.84845
2169,08-05-2025,Aug,13:00:00,"Sea water at Versova beach, Village. Versova, Taluka. Andheri, District. Mumbai.",Sea,Versova Beach,Versova Beach,Mumbai,Maharashtra,Maharashtra PCB,Monthly,Industrial Effluent,No Information,,Muncipal Sewage,Clear,Less than 50cm,Others,Yes,Light Brown,,0.0,28.0,4.8,7.8,33010.0,14.0,1.35,140.0,540.0,,1.0,5(BDL),116,13895.69,180.0,2.24,0.4,3740.0,700.0,3040.0,1942,6904,29048.0,25562.0,56,0.24,0.56,378.6,0.55,,19°08.321,72°48.349,19.138683333333333,72.80581666666667
2170,08-06-2025,Aug,14:10:00,"Kanhan river at U/s of M/s Vidarbha Paper Mills, Village. Sinora, Taluka. Parseoni, District. Nagpur.",River,Kanhan,Kanhan ,Nagpur,Maharashtra,Maharashtra PCB,Monthly,Municipal Sewage,"E (Irrigation, industrial cooling and controlled waste)",,,Clear,Less than 50cm,"Bathing,Washing,Fishing",Yes,Clear,,0.0,22.0,7.6,8.6,405.0,3.5,1.79,79.0,140.0,1.8(BDL),5.3,11.8,180,18.49,12.0,3.36,1.13,194.4,123.6,70.8,30.85,23.3,304.0,249.0,32,0.2,0.5(BDL),2.5,0.2(BDL),,21°12.679,79°14.127,21.211316666666665,79.23545
2171,08-06-2025,Aug,14:15:00,"Kanhan river at D/s of M/s Vidarbha Paper Mills,  Village. Sinora, Taluka. Parseoni, District. Nagpur.",River,Kanhan,Kanhan ,Nagpur,Maharashtra,Maharashtra PCB,Monthly,Municipal Sewage,"E (Irrigation, industrial cooling and controlled waste)",,,Clear,Less than 50cm,"Bathing,Washing,Fishing",Yes,Clear,,0.0,22.0,7.0,8.6,410.0,4.4,2.08,140.0,280.0,1.8(BDL),3.1,10.8,178,16.49,20.0,2.8,0.86,189.8,125.4,64.4,30.85,26.1,274.0,230.0,54,0.2,0.5(BDL),2.6,0,,21°12.575,79°14.203,21.209583333333335,79.23671666666667
2172,08-03-2025,Aug,01:50:00,"Wainganga river at D/s of Ellora Paper Mills, Village. Tumsar, Taluka. Tumsar, District. Bhandara.",River,Wainganga,Wainganga ,Bhandara,Maharashtra,Maharashtra PCB,Monthly,Industrial Effluent,A (Drinking Water source without conventional treatment but after disinfection),,Industrial,Clear,Less than 50cm,"Fishing,Others",Yes,Light Brown,Odourless,4.0,18.0,6.0,7.9,218.0,4.6,0.64,280.0,350.0,1.8(BDL),130.0,5(BDL),99,9.3,20.0,1.5(BDL),0.4,102.6,77.0,25.6,21.48,13.1,160.0,136.0,64,0.2,0.5(BDL),2.2,0.2(BDL),,21°21.307,79°47.943,21.355116666666667,79.79905
2173,08-03-2025,Aug,01:30:00,"Wainganga river at U/s of Ellora Paper Mills, Village. Tumsar, Taluka. Tumsar, District. Bhandara.",River,Wainganga,Wainganga ,Bhandara,Maharashtra,Maharashtra PCB,Monthly,Industrial Effluent,A (Drinking Water source without conventional treatment but after disinfection),,Industrial,Clear,Less than 50cm,"Fishing,Others",Yes,Light Brown, Odourless,4.0,18.0,6.6,7.9,218.0,3.5,0.63,170.0,280.0,1.8(BDL),85.0,5(BDL),95,11.2,12.0,2.24,0.51,96.8,68.0,28.8,23.78,16.9,152.0,130.7,46,0.2,0.5(BDL),2.7,0.2(BDL),,21°21.454,79°47.942,21.357566666666667,79.79903333333333
2174,08-07-2025,Aug,16:00:00,"Wardha river at D/s of ACC Ltd. Ghuggus near WCL pump house, Village. Ghuggus, Taluka. Chandrapur, District. Chandrapur.",River,Wardha,Wardha ,Chandrapur,Maharashtra,Maharashtra PCB,Monthly,Industrial Effluent,A (Drinking Water source without conventional treatment but after disinfection),,Industrial,Clear,Less than 50cm,"Bathing,Washing",Yes,Clear,,0.0,22.0,6.7,8.4,518.0,3.8,3.79,110.0,220.0,1.8(BDL),1.1,14.4,208,27.49,16.0,2.24,0.79,210.0,115.0,95.0,35.8,35.8,380.0,315.0,58,0.2,0.5(BDL),2.7,0.2(BDL),,19°54.291,79°06.894,19.90485,79.1149
2175,08-05-2025,Aug,12:00:00,"Wainganga river at U/s of Gaurav Paper Mills, near jackwell,  Village. Bramhpuri, Taluka. Chandrapur, District. Chandrapur.",River,Wainganga,Wainganga ,Chandrapur,Maharashtra,Maharashtra PCB,Monthly,Industrial Effluent,A (Drinking Water source without conventional treatment but after disinfection),,Industrial,Clear,Less than 50cm,"Bathing,Washing",Yes,Clear,,0.0,,7.0,7.5,1614.0,4.5,,46.0,140.0,1.8(BDL),120.0,5(BDL),84,15,16.0,2.8,0.76,91.4,53.0,38.4,15.81,7.5,125.0,104.0,38,0.2,0.5(BDL),2.7,,,20°37.169,79°51.408,20.619483333333335,79.8568
2176,08-05-2025,Aug,12:30:00,"Wainganga river at D/s of Gaurav Paper Mills, near jackwell,  Village. Bramhpuri, Taluka. Chandrapur, District. Chandrapur.",River,Wainganga,Wainganga ,Chandrapur,Maharashtra,Maharashtra PCB,Monthly,Industrial Effluent,A (Drinking Water source without conventional treatment but after disinfection),,Industrial,Clear,Less than 50cm,"Bathing,Washing",Yes,Clear,,0.0,,6.1,7.5,160.0,4.9,,170.0,280.0,1.8(BDL),95.0,5(BDL),80,15,20.0,2.8,0.78,82.8,49.8,33.0,15.81,6.7,120.0,98.0,62,,0.5(BDL),2.5,,,20°37.169,79°56.408,20.619483333333335,79.94013333333334
2177,08-05-2025,Aug,12:40:00,"Godavari river near Someshwar Temple, Village. Someshwar, Taluka. Nashik, District. Nashik.",River,Godavri,Godavri ,Nashik,Maharashtra,Maharashtra PCB,Monthly,Industrial Effluent,A (Drinking Water source without conventional treatment but after disinfection),,Industrial,Clear,Less than 50cm,"Boating,Tourism Spot",Yes,Clear,,0.0,,5.6,9.1,345.0,3.0,4.92,25.0,540.0,1.8(BDL),25.2,BDL,70,17.49,12.0,1.5(BDL),0.4,88.0,48.0,40.0,73.26,12.11,271.0,244.0,36,1.15,0.5(BDL),1(BDL),0.2(BDL),,20°01.391,73°43.740,20.023183333333332,73.729
2178,08-05-2025,Aug,12:55:00,"Chikhali nallah meets Godavari river, Village. Chikhali, Taluka. Nashik, District. Nashik.",Nala,Chikhali Nalla,Chikhali Nalla,Nashik,Maharashtra,Maharashtra PCB,Monthly,Industrial Effluent,A (Drinking Water source without conventional treatment but after disinfection),,Industrial,Clear,Less than 50cm,Others,Yes,Clear,,0.0,,3.0,7.9,376.0,8.8,4.28,94.0,920.0,1.8(BDL),23.0,5(BDL),188,113.96,32.0,11.76,4.85,230.0,136.0,94.0,158.68,50.81,300.0,270.0,112,5.2,0.5(BDL),1(BDL),0.2(BDL),,20°01.022,73°44.116,20.017033333333334,73.73526666666666
2179,08-05-2025,Aug,13:15:00,"Godavari river at Hanuman Ghat, Village. Nashik city, Taluka. Nashik, District. Nashik.",River,Godavri,Godavri ,Nashik,Maharashtra,Maharashtra PCB,Monthly,Industrial Effluent,A (Drinking Water source without conventional treatment but after disinfection),,Industrial,Clear,Less than 50cm,Bathing,Yes,Clear,,0.0,,4.8,8.4,337.0,4.8,2.49,13.0,140.0,1.8(BDL),25.0,5(BDL),66,19.49,16.0,1.5(BDL),0.4,86.0,46.0,40.0,131.92,12.78,262.0,236.0,52,0.91,0.5(BDL),1(BDL),0.2(BDL),,20°00.546,73°47.020,20.0091,73.78366666666666
2180,08-05-2025,Aug,14:45:00,"Godavari river at Tapovan,Village. Tapovan, Taluka. Nashik, District. Nashik.",River,Godavri,Godavri ,Nashik,Maharashtra,Maharashtra PCB,Monthly,Industrial Effluent,A (Drinking Water source without conventional treatment but after disinfection),,Industrial,Clear,Less than 50cm,"Bathing,Washing",Yes,Clear,,0.0,,5.1,8.4,324.0,4.6,2.45,63.0,920.0,1.8(BDL),20.1,5(BDL),62,18.49,16.0,1.5(BDL),0.4,80.0,46.0,34.0,64.92,35.19,255.0,228.0,49,1.42,0.5(BDL),1(BDL),0.2(BDL),,20°00.007,73°48.907,20.000116666666667,73.81511666666667
2181,08-05-2025,Aug,14:50:00,"Godavari river at Kapila. Godavari confluence point,  Village. Tapovan, Taluka. Nashik, District. Nashik.",River,Godavri,Godavri ,Nashik,Maharashtra,Maharashtra PCB,Monthly,Industrial Effluent,A (Drinking Water source without conventional treatment but after disinfection),,Industrial,Clear,Less than 50cm,"Bathing,Washing",Yes,Clear,,0.0,,4.8,7.8,715.0,8.6,1.4,63.0,920.0,1.8(BDL),15.8,5(BDL),154,46.49,28.0,19.92,7.34,186.0,110.0,76.0,225.8,11.73,575.0,519.0,142,3.68,0.5(BDL),1(BDL),0.2(BDL),,20°00.012,73°48.914,20.0002,73.81523333333334
2182,08-05-2025,Aug,04:05:00,"Godavari river at Saikheda village,  Village. Saikheda, Taluka. Niphad, District. Nashik.",River,Godavri,Godavri ,Nashik,Maharashtra,Maharashtra PCB,Monthly,Industrial Effluent,A (Drinking Water source without conventional treatment but after disinfection),,Industrial,Clear,Less than 50cm,"Bathing,Washing",Yes,Clear,,0.0,,5.4,8.5,317.0,3.2,2.53,17.0,240.0,1.8(BDL),6.8,BDL,60,24.49,12.0,1.5(BDL),0.4,80.0,42.0,38.0,58.12,13.69,251.0,223.0,33,2.16,0.5(BDL),1(BDL),0.2(BDL),,20°00.859,74°00.350,20.014316666666666,74.00583333333333
2183,08-05-2025,Aug,16:50:00,"Godavari river at Nandur.Madhmeshwar Dam, Village. Nandur, Taluka. Niphad, District. Nashik.",River,Godavri,Godavri ,Nashik,Maharashtra,Maharashtra PCB,Monthly,Industrial Effluent,A (Drinking Water source without conventional treatment but after disinfection),,Industrial,Clear,Less than 50cm,Others,Yes,Clear,,0.0,,5.0,9.3,334.0,4.4,2.72,12.0,94.0,1.8(BDL),16.0,5(BDL),66,25.49,16.0,1.5(BDL),0.4,84.0,46.0,38.0,69.78,15.72,267.0,241.0,61,1.42,0.5(BDL),1(BDL),0.2(BDL),,20°00.535,74°07.948,20.008916666666668,74.13246666666667
2184,08-04-2025,Aug,01:25:00,Vashi Creek at Airoli Bridge,Creek,Vashi Creek,,Thane,Maharashtra,Maharashtra PCB,Monthly,Industrial Effluent,A (Drinking Water source without conventional treatment but after disinfection),,Industrial,Clear,Less than 50cm,Others,Yes,Clear,,0.0,26.0,4.5,7.2,1866.0,14.0,0.69,110.0,920.0,,15.6,5(BDL),186,485.85,72.0,2.24,1.23,262.0,106.0,156.0,74.8,242,1578.0,1389.0,53,1.36,0.5(BDL),31.6,0.2(BDL),,19°08.997,72°59.031,19.14995,72.98385
2185,08-05-2025,Aug,16:00:00,Vashi Creek at Vashi Bridge,Creek,Vashi Creek,,Thane,Maharashtra,Maharashtra PCB,Monthly,Industrial Effluent,A (Drinking Water source without conventional treatment but after disinfection),,Industrial,Clear,Less than 50cm,Fishing,Yes,Clear,,1.0,29.0,4.4,7.5,13580.0,12.0,1.1,140.0,540.0,,1.0,5(BDL),116,4448.62,132.0,2.24,0.4,1420.0,250.0,1170.0,639.4,2054,11210.0,9864.0,37,0.2,0.5(BDL),99.2,0.4,,19°03.832,72°58.682,19.063866666666666,72.97803333333333
2186,08-07-2025,Aug,08:30:00,"Venna river at Varye, Village . Varye,Taluka. Satara, District. Satara.",River,Venna,Venna ,Satara,Maharashtra,Maharashtra PCB,Monthly,Industrial Effluent,A (Drinking Water source without conventional treatment but after disinfection),,Industrial,Raining,Less than 50cm,"Bathing,Washing",Yes,Clear,Odor Free,0.0,24.0,6.0,8.2,208.0,5.2,0.81,4.5,170.0,1.8(BDL),4.06,5(BDL),46,6.75,16.0,1.5(BDL),0.46,60.0,30.0,30.0,7.25,6.24,165.0,137.0,16,0.2,0.5(BDL),1(BDL),0.2(BDL),,17°43.793,73°58.928,17.729883333333333,73.98213333333334
2187,08-04-2025,Aug,11:10:00,"Krishna river at Kshetra Mahuli, Village. Kshetra.Mahuli,Taluka. Mahuli, District. Satara.",River,Krishna,Krishna ,Satara,Maharashtra,Maharashtra PCB,Monthly,Industrial Effluent,A (Drinking Water source without conventional treatment but after disinfection),,Industrial,Raining,Less than 50cm,"Bathing,Washing",Yes,Light Brown,Odor Free,0.0,26.0,5.5,7.9,280.0,4.2,0.87,21.0,540.0,1.8(BDL),3.09,5(BDL),66,12.8,16.0,1.68,0.51,82.0,44.0,38.0,5(BDL),11.52,223.0,182.0,12,0.22,0.5(BDL),1(BDL),0.4,,17°41.735,74°03.286,17.69558333333333,74.05476666666667
2188,08-04-2025,Aug,11:30:00,"Krishna river at Krishna. Venna Sangam Mahuli , Village. Mahuli,Taluka. Mahuli, District. Satara.",River,Krishna,Krishna ,Satara,Maharashtra,Maharashtra PCB,Monthly,Industrial Effluent,A (Drinking Water source without conventional treatment but after disinfection),,Industrial,Raining,Less than 50cm,"Bathing,Washing",Yes,Light Brown,Odor Free,0.0,27.0,5.9,7.9,292.0,4.0,0.73,32.0,540.0,1.8(BDL),2.42,5(BDL),68,12.9,16.0,2.24,0.76,86.0,44.0,42.0,5.51,11.72,229.0,186.0,11,0.2,0.5(BDL),1(BDL),0.3,,17°41.445,74°03.088,17.69075,74.05146666666667
2189,08-05-2025,Aug,11:30:00,"Koyna River at Karad, Village. Karad,Taluka. Karad, District. Satara.",River,Koyna,Koyna ,Satara,Maharashtra,Maharashtra PCB,Monthly,Industrial Effluent,A (Drinking Water source without conventional treatment but after disinfection),,Industrial,Raining,Less than 50cm,"Bathing,Washing",Yes,Light Green,Odor Free,0.0,26.0,5.9,8.1,172.0,4.6,0.72,12.0,540.0,1.8(BDL),2.89,5(BDL),38,7.9,16.0,2.8,0.67,50.0,26.0,24.0,5.37,9.15,136.0,112.0,11,0.2,1.2,1(BDL),0.2(BDL),,17°16.668,74°10.528,17.2778,74.17546666666667
2190,08-07-2025,Aug,10:30:00,"Krishna river at Wai, Village. Wai,Taluka. Wai,District. Satara.",River,Krishna,Krishna ,Satara,Maharashtra,Maharashtra PCB,Monthly,Industrial Effluent,A (Drinking Water source without conventional treatment but after disinfection),,Industrial,Raining,Less than 50cm,"Bathing,Washing",Yes,Clear,Odor Free,0.0,25.0,5.2,8.1,528.0,7.2,1.06,1.8,350.0,1.8(BDL),1.0,5(BDL),108,15.95,24.0,2.24,0.55,150.0,72.0,78.0,7.25,17.01,418.0,337.0,10(BDL),0.2,0.5(BDL),1(BDL),0.2(BDL),,17°34.304,74°02.862,17.571733333333334,74.0477
2191,08-05-2025,Aug,13:45:00,"Mutha river at Sangam bridge near Ganapathyghat, Village . Shivaji Nagar,  Taluka. Pune, District. Pune.",River,Mutha,Mutha ,Pune,Maharashtra,Maharashtra PCB,Monthly,,A (Drinking Water source without conventional treatment but after disinfection),,,Clear,Less than 50cm,Others,Yes,Clear,,0.0,27.5,2.4,7.5,529.0,27.0,2.36,79.0,1600.0,11,8.95,5(BDL),96,44.89,84.0,8.4,3.43,150.0,78.0,72.0,5(BDL),31.71,415.0,337.0,30,0.59,2.5,6.67,0.6,,18°31.815,73°51.662,18.53025,73.86103333333334
2192,08-05-2025,Aug,12:30:00,"Mula - Mutha river at Mundhawa bridge,Village. Mundhawa,Taluka. Haweli,District. Pune.",River,Mula Mutha,Mula Mutha ,Pune,Maharashtra,Maharashtra PCB,Monthly,,A (Drinking Water source without conventional treatment but after disinfection),,,Clear,Less than 50cm,Others,Yes,Clear,,0.0,27.5,4.1,7.4,486.0,12.5,0.7,41.0,1600.0,6,3.34,5(BDL),94,41.74,36.0,6.72,2.84,138.0,70.0,68.0,5(BDL),26.31,385.0,311.0,12,0.56,2.3,4.42,0.5,,18°32.206,73°56.015,18.536766666666665,73.93358333333333
2193,08-05-2025,Aug,15:45:00,"Mula river at Aundh bridge, Village. Aundhgaon,Taluka. Haweli, District. Pune.",River,Mula,Mula ,Pune,Maharashtra,Maharashtra PCB,Monthly,,A (Drinking Water source without conventional treatment but after disinfection),,,Clear,Less than 50cm,Others,Yes,Clear,,0.0,27.5,4.1,7.4,414.0,7.2,0.61,120.0,1600.0,1.8(BDL),1.8,5(BDL),74,25.49,24.0,2.8,1.03,118.0,60.0,58.0,5(BDL),16.9,328.0,263.0,11,1.12,1.4,2.22,0.7,,18°34.049,73°48.675,18.567483333333332,73.81125
2194,08-05-2025,Aug,16:05:00,"Mula river at Harrison bridge near Mula.Pawana sangam, Village. Bopodi,Taluka. Haweli, District. Pune.",River,Mula,Mula ,Pune,Maharashtra,Maharashtra PCB,Monthly,,A (Drinking Water source without conventional treatment but after disinfection),,,Clear,Less than 50cm,Others,Yes,Clear,,0.0,27.5,4.4,7.7,411.0,7.0,0.52,240.0,1600.0,32,1.47,5(BDL),70,25.59,20.0,4.48,1.82,116.0,56.0,60.0,5.77,17.42,326.0,265.0,12,0.48,1.9,2.27,0.9,,18°34.462,73°50.139,18.574366666666666,73.83565
2195,08-07-2025,Aug,12:10:00,"Nira river at D/s of Jubilant Organosis,  Village. Nimbut, Taluka. Baramati, District. Pune.",River,Nira,Nira ,Pune,Maharashtra,Maharashtra PCB,Monthly,,A (Drinking Water source without conventional treatment but after disinfection),,,Clear,Less than 50cm,Others,Yes,Clear,,0.0,27.5,6.1,8.3,619.0,5.0,0.8,21.0,350.0,1.8(BDL),1.0,6,126,56.68,16.0,1.68,0.42,174.0,90.0,84.0,14.43,69.7,489.0,398.0,11,0.2,0.5(BDL),1(BDL),0.7,,18°06.093,74°14.038,18.10155,74.23396666666666
2196,08-06-2025,Aug,11:25:00,"Pawana river at Sangavigaon,  Village. Sangavigaon, Taluka. Haweli, District. Pune.",River,Pawana,Pawana ,Pune,Maharashtra,Maharashtra PCB,Monthly,,No Information,,,Clear,Less than 50cm,Others,Yes,Clear,,0.0,27.0,3.4,7.6,758.0,13.5,0.81,220.0,1600.0,23,14.1,5(BDL),126,95.02,40.0,7.28,3.14,214.0,108.0,106.0,6.79,49.06,501.0,406.0,36,0.35,1.7,7.85,0.4,,18°34.540,73°49.535,18.575666666666667,73.82558333333333
2197,08-05-2025,Aug,12:45:00,"Indrayani river at D/s of Alandigaon, Village. Alandigaon, Taluka. Haweli, District. Pune.",River,Indrayani,Indrayani ,Pune,Maharashtra,Maharashtra PCB,Monthly,,No Information,,Industrial,Clear,Less than 50cm,Others,Yes,Clear,,0.0,23.0,5.4,7.8,324.0,6.2,0.73,40.0,1600.0,6.8,1.29,5(BDL),62,25.59,20.0,2.8,0.67,94.0,48.0,46.0,13.12,14.11,258.0,208.0,11,0.58,1.2,1.9,0.5,,18°39.428,73°54.600,18.657133333333334,73.91
2198,08-06-2025,Aug,15:55:00,"Kundalika river at Are Khurd (Saline zone), Village.Arekhurd,Taluka. Roha, District. Raigad.",River,Kundalika,Kundalika,Raigad,Maharashtra,Maharashtra PCB,Monthly,Industrial Effluent,A (Drinking Water source without conventional treatment but after disinfection),,Industrial,Clear,Less than 50cm,"Bathing,Washing,Gardening,Others",Yes,Clear,,0.0,29.0,7.2,7.5,120.0,3.0,0.3,140.0,540.0,9.3,1.0,5(BDL),42,18.49,8.0,1.5(BDL),0.4,36.0,20.0,16.0,5(BDL),9.96,101.0,89.0,10(BDL),0.27,0.5(BDL),1(BDL),0.2(BDL),,18°28.941,73°02.911,18.48235,73.04851666666667
2199,08-04-2025,Aug,16:45:00,"Savitri river at Ovale village, Village. Ovale, Taluka. Mahad, District. Raigad.",River,Savitri,Savitri,Raigad,Maharashtra,Maharashtra PCB,Monthly,Industrial Effluent,A (Drinking Water source without conventional treatment but after disinfection),,Industrial,Clear,Less than 50cm,Fishing,Yes,Clear,,0.0,28.0,6.8,7.7,105.0,3.0,0.3,5.6,22.0,1.8(BDL),1.0,5(BDL),46,18.59,16.0,1.5(BDL),0.4,48.0,25.2,22.8,9.6,8.5,91.0,78.0,12,0.2,,1(BDL),0.2(BDL),,18°04.239,73°19.942,18.07065,73.33236666666667
2651,08-06-2025,Aug,17:45:00,"Amba river at D/s of Waken bridge, Village. Waken phata, Taluka. Roha, District. Raigad. ( u/s of the jackwells of M/s Supreme Petrochemicals & MIDC )",River,Kundalika,Kundalika,Raigad,Maharashtra,Maharashtra PCB,Monthly,Industrial Effluent,A (Drinking Water source without conventional treatment but after disinfection),,Industrial,Clear,Less than 50cm,"Bathing,Washing,Gardening,Others",Yes,Clear,,0.0,28.0,7.4,7.8,135.0,2.8,0.3,17.0,220.0,1.8(BDL),1.0,5(BDL),58,12,8.0,1.5(BDL),0.4,54.0,28.0,26.0,5(BDL),6.16,113.0,100.0,10(BDL),0.31,0.5(BDL),1(BDL),0.2(BDL),,18° 31.150,73° 09.434,18.519166666666667,73.15723333333334
2652,08-05-2025,Aug,00:00:00,"Amravati river at D/s. of Dondaicha, Village. Dondaicha, Taluka. Dhule, District. Dhule.",River,Amravati,Amravati ,Dhule,Maharashtra,Maharashtra PCB,Monthly,,,,,,,,,,,,,,,,,,,,,,,,,,,,,,,,,,,,,,,,Dry river,21º 19.688',74º 34.184',21.328133333333334,74.56973333333333
2653,08-06-2025,Aug,11:00:00,"Bhatsa River at D/s of Liberty Oil Mills, Satnel, Shahapur, Thane.",River,Bhatsa river,Bhatsa ,Thane,Maharashtra,Maharashtra PCB,Monthly,,A (Drinking Water source without conventional treatment but after disinfection),,,Clear,Less than 50cm,Others,No,Clear,Odor Free,0.0,26.0,7.0,8.0,879.0,3.2,0.37,94.0,430.0,6,1.0,5(BDL),328,77.98,24.0,1.5(BDL),0.4,274.0,158.0,116.0,32.88,43.14,747.0,657.0,10(BDL),0.2,0.5(BDL),2.68,0.2(BDL),,19° 26.874,73° 20.964,19.4479,73.3494
2654,08-06-2025,Aug,11:30:00,"Bhatsa River at U/s of Liberty Oil Mills, Satnel, Shahapur, Thane.",River,Bhatsa river,Bhatsa ,Thane,Maharashtra,Maharashtra PCB,Monthly,,A (Drinking Water source without conventional treatment but after disinfection),,,Clear,Less than 50cm,Others,No,Clear,Odor Free,0.0,29.0,7.4,7.9,878.0,2.8,0.41,94.0,280.0,1.8(BDL),1.0,5(BDL),326,74.98,8.0,1.5(BDL),0.4,284.0,168.0,116.0,38.78,30.44,742.0,651.0,10(BDL),0.2,0.5(BDL),2.04,0.2(BDL),,19° 27.011,73° 21.270,19.45018333333333,73.3545
2655,08-06-2025,Aug,15:10:00,"Bhima river at Koregaon near Koregaon bridge, Village. Koregaon,Taluka. Shirur, District. Pune.",River,Bhima,Bhima ,Pune,Maharashtra,Maharashtra PCB,Monthly,,No Information,,Industrial,Clear,Less than 50cm,Others,Yes,Clear,,0.0,24.0,5.8,8.1,363.0,4.2,0.72,70.0,540.0,6.8,1.0,5(BDL),76,32.64,16.0,1.68,0.62,104.0,50.0,54.0,34.84,29.83,287.0,230.0,11,0.24,0.9,1(BDL),0.2(BDL),,18° 38.712,74° 03.303,18.6452,74.05505
2656,08-04-2025,Aug,15:55:00,"Bhima river. Backwater of Ujani Dam, near raw water pump house, Village. Kumbargaon, Taluka. Indapur, District. Pune.",River,Bhima,Bhima ,Pune,Maharashtra,Maharashtra PCB,Monthly,,A (Drinking Water source without conventional treatment but after disinfection),,,Clear,Less than 50cm,Others,Yes,Clear,,0.0,27.5,4.5,8.2,633.0,8.0,0.78,1.8,540.0,1.8(BDL),2.24,6,126,74.18,32.1,1.68,0.46,178.0,92.0,86.0,5.4,62.58,496.0,402.0,14,0.2,0.5(BDL),3.13,0.2(BDL),,18° 16.341,74° 47.893,18.27235,74.79821666666666
2657,08-04-2025,Aug,13:00:00,"Bindusara river at Beed, near intake water pump house at Dam, Village. Paligaon, Taluka. Beed, District. Beed.",River,Bindusara,Bindusara,Beed,Maharashtra,Maharashtra PCB,Monthly,Industrial Effluent,A (Drinking Water source without conventional treatment but after disinfection),,Industrial,Clear,Less than 50cm,Others,Yes,Clear,,0.5,30.0,7.1,8.6,356.0,3.0,0.7,1.8,17.0,1.8(BDL),1.01,6,140,13,16.0,5.6,2.28,120.0,60.0,60.0,21.1,20.8,316.0,285.0,10(BDL),1.12,0.55,1.54,0.95,,18° 54.922,75° 44.236,18.915366666666667,75.73726666666667
2658,08-07-2025,Aug,00:00:00,"Bori river, D/S of Amalner, Village. Amalner, Taluka. Jalgaon, District. Jalgaon.",River,Bori,Bori ,Jalgaon,Maharashtra,Maharashtra PCB,Monthly,,,,,,,,,,,,,,,,,,,,,,,,,,,,,,,,,,,,,,,,Dry river,21º 03.360',75º 04.283',21.056,75.07138333333333
2659,08-06-2025,Aug,00:00:00,"Burai river before confluence to Tapi river, Village. Mukudas, Taluka. Dhule, District. Dhule.",River,Burai,Burai ,Dhule,Maharashtra,Maharashtra PCB,Monthly,,,,,,,,,,,,,,,,,,,,,,,,,,,,,,,,,,,,,,,,Dry river,21º 18.077',75º 47.818',21.301283333333334,75.79696666666666
2660,08-04-2025,Aug,13:10:00,"Darna river at Chehedi water works (pumping station), Village. Chehedi, Taluka. Nashik, District. Nashik.",River,Darna,Darna ,Nashik,Maharashtra,Maharashtra PCB,Monthly,Industrial Effluent,A (Drinking Water source without conventional treatment but after disinfection),,Industrial,Clear,Less than 50cm,Others,Yes,Clear,,0.0,,4.7,7.9,363.0,5.4,2.77,12.0,170.0,1.8(BDL),10.3,5(BDL),60,19.99,20.0,1.5(BDL),0.4,76.0,40.0,36.0,50.9,14.34,277.0,246.0,71,0.94,0.5(BDL),1(BDL),0.2(BDL),,19° 55.873,73° 51.429,19.931216666666668,73.85715
2661,08-04-2025,Aug,11:25:00,"Darna river at Aswali ( Darna Dam),Village. Aswali,Taluka. Igatpuri,District. Nashik.",River,Darna,Darna ,Nashik,Maharashtra,Maharashtra PCB,Monthly,Industrial Effluent,A (Drinking Water source without conventional treatment but after disinfection),,Industrial,Clear,Less than 50cm,Others,Yes,Clear,,0.0,,5.6,8.0,182.0,3.2,1.4,13.0,170.0,1.8(BDL),20.9,5(BDL),22,8,12.0,1.5(BDL),0.4,30.0,18.0,12.0,16.24,5.07,142.0,116.0,34,0.81,0.5(BDL),1(BDL),0.2(BDL),,19° 48.184,73° 44.276,19.803066666666666,73.73793333333333
2662,08-04-2025,Aug,12:05:00,"Darna river at MES site pumping station, Village. Bhagur, Taluka. Nashik, District. Nashik.",River,Darna,Darna ,Nashik,Maharashtra,Maharashtra PCB,Monthly,Industrial Effluent,A (Drinking Water source without conventional treatment but after disinfection),,Industrial,Clear,Less than 50cm,Others,Yes,Clear,,0.0,,5.4,8.1,223.0,4.8,1.65,15.0,220.0,1.8(BDL),4.0,5(BDL),30,11,16.0,1.5(BDL),0.4,42.0,24.0,18.0,18.34,6.74,172.0,151.0,43,1.41,0.5(BDL),1(BDL),0.2(BDL),,19° 52.114,73° 49.662,19.868566666666666,73.8277
2663,08-04-2025,Aug,12:05:00,"Darna river at Bhagur pumping station near Pandhurli bridge, Village. Bhagur,Taluka. Nashik,District. Nashik.",River,Darna,Darna ,Nashik,Maharashtra,Maharashtra PCB,Monthly,Industrial Effluent,A (Drinking Water source without conventional treatment but after disinfection),,Industrial,Clear,Less than 50cm,Others,Yes,Clear,,0.0,,5.5,7.8,255.0,4.8,1.54,17.0,240.0,1.8(BDL),12.0,5(BDL),30,12,16.0,1.5(BDL),0.4,40.0,22.0,18.0,17.08,7.22,204.0,181.0,64,0.72,0.5(BDL),1(BDL),0.2(BDL),,19° 52.306,73° 50.235,19.871766666666666,73.83725
2664,08-04-2025,Aug,12:40:00,"Darna river at Sansari, Village. Sansari,Taluka. Nashik,District. Nashik.",River,Darna,Darna ,Nashik,Maharashtra,Maharashtra PCB,Monthly,Industrial Effluent,A (Drinking Water source without conventional treatment but after disinfection),,Industrial,Clear,Less than 50cm,Others,Yes,Clear,,0.0,,4.6,7.1,210.0,5.6,2.23,17.0,220.0,1.8(BDL),11.2,BDL,36,15,20.0,1.5(BDL),0.4,50.0,28.0,22.0,24.6,10.02,187.0,140.0,58,0.72,0.5(BDL),1(BDL),0.2(BDL),,19° 54.350,73° 50.546,19.905833333333334,73.84243333333333
2665,08-06-2025,Aug,14:05:00,"Ghod river at Shirur, Village. Shirur,Taluka. Shirur,District. Pune.",River,Ghod,Ghod ,Pune,Maharashtra,Maharashtra PCB,Monthly,,No Information,,Industrial,Clear,Less than 50cm,Others,Yes,Clear,,0.0,25.0,6.3,8.2,371.0,3.6,0.43,70.0,350.0,40,1.0,5(BDL),82,27.39,12.0,2.24,0.63,106.0,56.0,50.0,34.52,30.04,291.0,236.0,11,0.26,0.5(BDL),1(BDL),0.2(BDL),,18° 49.961,74° 23.504,18.832683333333332,74.39173333333333
2666,08-05-2025,Aug,03:30:00,"Gomai river D/s. of Shahada, Village. Shahada,Taluka. Dhule,District. Dhule.",River,Gomai,Gomai ,Dhule,Maharashtra,Maharashtra PCB,Monthly,Industrial Effluent,A (Drinking Water source without conventional treatment but after disinfection),,Industrial,Clear,Less than 50cm,Others,Yes,Clear,,0.0,22.0,4.0,7.7,320.0,8.8,2.67,17.0,280.0,1.8(BDL),25.8,5(BDL),56,39.99,28.0,1.5(BDL),0.4,76.0,42.0,34.0,19.75,19.75,252.0,229.0,78,0.88,0.5(BDL),1(BDL),0.2(BDL),,21º 32.744',74º 27.618',21.545733333333335,74.4603
2667,08-06-2025,Aug,00:00:00,"Hiwara river at  D/S of Pachora, Village. Pachora,Taluka. Jalgaon,District. Jalgaon.",River,Hiwara,Hiwara ,Jalgaon,Maharashtra,Maharashtra PCB,Monthly,,,,,,,,,,,,,,,,,,,,,,,,,,,,,,,,,,,,,,,,Dry river,20º 40.031',75º 21.464',20.667183333333334,75.35773333333333
2668,08-05-2025,Aug,13:05:00,"Indrayani river at D/s of Moshi village. Village. Moshi,  Taluka. Haweli, District. Pune.",River,Indrayani,Indrayani ,Pune,Maharashtra,Maharashtra PCB,Monthly,,No Information,,Industrial,Clear,Less than 50cm,Others,Yes,Light Brown,,0.0,23.0,4.3,7.6,337.0,7.4,0.46,170.0,1600.0,14,1.33,5(BDL),64,24.04,28.0,2.24,0.57,88.0,46.0,42.0,6.32,15.73,266.0,216.0,12,0.25,1.5,2.36,0.6,,18° 41.019,73° 52.713,18.68365,73.87855
2669,08-05-2025,Aug,15:00:00,"Indrayani river at U/s of Moshigaon,Village. Moshi, Taluka. Haweli, District. Pune.",River,Indrayani,Indrayani ,Pune,Maharashtra,Maharashtra PCB,Monthly,,No Information,,Industrial,Clear,Less than 50cm,Others,Yes,Clear,,0.0,23.0,5.0,7.7,321.0,6.4,0.63,33.0,1600.0,1.8(BDL),1.8,5(BDL),62,21.84,24.0,1.68,0.47,92.0,44.0,48.0,6.53,14.89,255.0,205.0,13,0.28,1.6,1.83,0.2(BDL),,18° 41.331,73° 50.793,18.68885,73.84655
2670,08-06-2025,Aug,11:40:00,"Kan river at Sakri water works, Village. Sakri, Taluka. Dhule, District. Dhule.",River,Kan,Kan ,Dhule,Maharashtra,Maharashtra PCB,Monthly,Industrial Effluent,A (Drinking Water source without conventional treatment but after disinfection),,Industrial,Clear,Less than 50cm,Others,Yes,Clear,,0.0,18.0,5.2,8.3,268.0,4.2,2.6,21.0,540.0,1.8(BDL),47.1,5(BDL),48,32.49,16.0,1.5(BDL),0.4,62.0,34.0,28.0,25.08,11.07,211.0,186.0,44,0.83,0.5(BDL),1(BDL),0.2(BDL),,20º 59.642',74º 17.48',20.994033333333334,74.29133333333333
2671,08-06-2025,Aug,13:45:00,"Kundalika river near Salav bridge (Saline zone), Village.Salav, Taluka. Roha, District. Raigad.",River,Kundalika,Kundalika,Raigad,Maharashtra,Maharashtra PCB,Monthly,Industrial Effluent,A (Drinking Water source without conventional treatment but after disinfection),,Industrial,Clear,Less than 50cm,"Bathing,Washing,Gardening,Others",Yes,Clear,,0.0,29.0,6.6,7.5,13710.0,3.8,0.51,140.0,540.0,9.3,1.09,5(BDL),70,4773.52,8.0,1.5(BDL),0.4,1420.0,230.0,1190.0,380.2,2281.5,11653.0,10255.0,28,0.2,0.69,89.24,0.25,,18° 32.327,72°56.119 ,18.538783333333335,72.93531666666667
2672,08-06-2025,Aug,16:40:00,"Kundalika river at Dhatav at Jackwell , Village. Dhatav,Taluka. Roha, District. Raigad.",River,Kundalika,Kundalika,Raigad,Maharashtra,Maharashtra PCB,Monthly,Industrial Effluent,A (Drinking Water source without conventional treatment but after disinfection),,Industrial,Clear,Less than 50cm,"Bathing,Washing,Gardening,Others",Yes,Clear,,0.0,29.0,7.2,7.6,99.0,2.8,0.3,33.0,280.0,1.8(BDL),1.0,5(BDL),32,16,28.0,1.5(BDL),0.4,28.0,16.0,12.0,5(BDL),6.25,84.0,74.0,10(BDL),0.38,0.5(BDL),1(BDL),0.2(BDL),,18° 25.819,73° 09.819,18.430316666666666,73.16365
2673,08-03-2025,Aug,09:00:00,"Manjra river at D/s of Latur, near Latur. Nanded bridge, Village. Bhatkheda, Taluka. Latur, District. Latur.",River,Manjara,Manjara,Latur,Maharashtra,Maharashtra PCB,Monthly,Municipal Sewage,A (Drinking Water source without conventional treatment but after disinfection),,Muncipal Sewage,Cloudy,50-100cm,"Washing,Fishing",Yes,Light Brown,Fishy,8.0,22.0,6.8,8.5,526.0,3.6,1.95,1.8,25.0,1.8(BDL),1.22,6,148,50.48,20.0,5.04,2.54,120.0,60.0,60.0,56.86,48.67,441.0,397.0,10(BDL),1.0,0.58,4.17,0.72,,18° 25.826,76° 40.253,18.430433333333333,76.67088333333334
2674,08-07-2025,Aug,00:00:00,"Mor river  near Padalashe, Village. Padalashe,Taluka. Jalgaon, District. Jalgaon.",River,Mor,Mor ,Jalgaon,Maharashtra,Maharashtra PCB,Monthly,,,,,,,,,,,,,,,,,,,,,,,,,,,,,,,,,,,,,,,,Dry river,21º 06.455',75º 47.515',21.107583333333334,75.79191666666667
2675,08-05-2025,Aug,12:10:00,Morna River D/s of Railway Bridge Akola,River,Morna,Morna ,Akola,Maharashtra,Maharashtra PCB,Monthly,,A (Drinking Water source without conventional treatment but after disinfection),,,Clear,Less than 50cm,Others,Yes,Clear,,3.0,25.0,4.4,7.8,768.0,9.1,2.66,130.0,220.0,1.8(BDL),1.1,5(BDL),354,57.73,32.0,1.5(BDL),0.4,345.4,187.0,158.4,45.7,60,520.0,447.2,58,0.2,0.5(BDL),8.5,,,20° 09.016,77° 33.622,20.150266666666667,77.56036666666667
2676,08-04-2025,Aug,14:30:00,"Muchkundi river at Waked, Ratnagiri, near M/s Asahi India Glass Ltd., Village. Waked, Taluka. Lanja, District. Ratnagiri.",River,Muchkundi,Muchkundi,Ratnagiri,Maharashtra,Maharashtra PCB,Monthly,,C (Drinking water source),,,Clear,50-100cm,Idol Emersion Wading,Yes,Clear,Odor Free,0.0,28.0,6.9,7.4,153.0,2.8,0.34,5.6,24.0,1.8(BDL),1.0,5(BDL),34,26.39,12.0,1.5(BDL),0.62,41.2,15.0,26.2,14.3,12,118.0,106.0,12,0.2,,1(BDL),0.32,,16° 46.450,73° 34.968,16.774166666666666,73.5828
2677,08-06-2025,Aug,15:45:00,"Mula.Mutha river at D/s of Theur, Village. Theur, Taluka. Haweli, District. Pune.",River,Mula Mutha,Mula Mutha ,Pune,Maharashtra,Maharashtra PCB,Monthly,,No Information,,Industrial,Clear,Less than 50cm,Others,Yes,Clear,,0.0,24.0,5.2,8.1,365.0,7.8,1.32,70.0,1600.0,27,1.0,5(BDL),74,25.54,36.0,1.68,0.8,104.0,48.0,56.0,24.92,32.21,289.0,234.0,12,0.32,0.7,1(BDL),0.2(BDL),,18° 31.846,74° 20.895,18.53076666666667,74.34825
2678,08-05-2025,Aug,14:05:00,"Mutha river near Veer Savarkar Bhavan, Village. Pune  M.C, Taluka. Pune, District .Pune.",River,Mutha,Mutha ,Pune,Maharashtra,Maharashtra PCB,Monthly,,A (Drinking Water source without conventional treatment but after disinfection),,,Clear,Less than 50cm,Others,Yes,Clear,,0.0,27.5,2.2,7.4,456.0,28.0,2.21,540.0,1600.0,4.5,9.72,5(BDL),100,39.69,88.0,7.28,3.1,156.0,80.0,76.0,5.25,30.95,433.0,354.0,42,0.35,2.6,5.94,0.7,,18° 31.287,73° 51.018,18.52145,73.8503
2679,08-05-2025,Aug,14:15:00,"Mutha river at Deccan bridge, Village. Deccan,Taluka. Pune, District. Pune.",River,Mutha,Mutha ,Pune,Maharashtra,Maharashtra PCB,Monthly,,A (Drinking Water source without conventional treatment but after disinfection),,,Clear,Less than 50cm,Others,Yes,Clear,,0.0,27.5,2.1,7.4,551.0,28.0,3.11,20.0,1600.0,6.1,8.43,5(BDL),104,44.44,92.0,11.2,5.14,158.0,82.0,76.0,5(BDL),30.8,436.0,358.0,44,0.32,2.7,5.81,0.8,,18° 30.910,73° 50.677,18.515166666666666,73.84461666666667
2680,08-05-2025,Aug,11:05:00,"Mutha river at Khadakvasla Dam, Village. Khadakvasla,Taluka. Haweli, District. Pune.",River,Mutha,Mutha ,Pune,Maharashtra,Maharashtra PCB,Monthly,,No Information,,Industrial,Clear,Less than 50cm,Others,Yes,Clear,,0.0,25.0,6.7,8.2,112.0,3.4,0.55,11.0,350.0,1.8(BDL),1.27,5(BDL),20(BDL),7.35,12.0,1.5(BDL),0.4,34.0,16.0,18.0,7.25,5(BDL),92.0,75.0,11,0.2,0.5(BDL),1(BDL),0.2(BDL),,18° 26.433,73° 46.411,18.44055,73.77351666666667
2681,08-04-2025,Aug,04:00:00,"Nira river at Sangavi, Village. Sangavi, Taluka. Phaltan, District. Satara.",River,Nira,Nira ,Satara,Maharashtra,Maharashtra PCB,Monthly,Industrial Effluent,A (Drinking Water source without conventional treatment but after disinfection),,Industrial,Raining,Less than 50cm,"Bathing,Washing",Yes,Clear,Odor Free,0.0,27.0,6.1,8.3,149.0,4.0,0.44,1.8,33.0,1.8(BDL),2.2,12,32,7.35,12.0,3.36,0.96,44.0,20.0,24.0,5(BDL),6,118.0,96.0,11,0.2,0.9,1(BDL),0.3,,18° 03.424,74° 29.320,18.057066666666667,74.48866666666666
2682,08-07-2025,Aug,11:55:00,"Nira river at U/s of Jubilant Organosis, Village. Nira (Dattaghat),Taluka. Baramati, District. Pune.",River,Nira,Nira ,Pune,Maharashtra,Maharashtra PCB,Monthly,,A (Drinking Water source without conventional treatment but after disinfection),,,Clear,Less than 50cm,Others,Yes,Clear,,0.0,27.5,6.7,8.3,420.0,3.8,0.72,6.0,350.0,1.8(BDL),1.0,8,88,33.29,12.0,2.24,0.7,120.0,60.0,60.0,6.71,43.26,335.0,274.0,10(BDL),0.2,0.5(BDL),1(BDL),0.4,,18° 05.811,74° 12.730,18.09685,74.21216666666666
2683,08-04-2025,Aug,02:30:00,"Nira river at Shindewadi,  Village. Shirval, Taluka. Khandala, District. Satara.",River,Nira,Nira ,Satara,Maharashtra,Maharashtra PCB,Monthly,Industrial Effluent,A (Drinking Water source without conventional treatment but after disinfection),,Industrial,Raining,Less than 50cm,"Bathing,Washing",Yes,Light Brown,Odor Free,0.0,27.0,5.4,8.1,166.0,5.2,0.59,17.0,540.0,1.8(BDL),5.52,5(BDL),34,10.45,20.0,2.24,0.63,46.0,22.0,24.0,5(BDL),5.94,133.0,109.0,16,0.2,0.5(BDL),1(BDL),0.2(BDL),,18° 08.771,73° 59.044,18.146183333333333,73.98406666666666
2684,08-06-2025,Aug,11:00:00,"Panzara river, Near Panzarakan SSK Ltd, Village. Panzara,Taluka. Dhule, District. Dhule.",River,Panzara,Panzara ,Dhule,Maharashtra,Maharashtra PCB,Monthly,Industrial Effluent,A (Drinking Water source without conventional treatment but after disinfection),,Industrial,Clear,Less than 50cm,Others,Yes,Clear,,0.0,18.0,5.0,8.3,264.0,4.0,2.6,26.0,210.0,1.8(BDL),30.1,5(BDL),46,29.99,16.0,1.5(BDL),0.4,60.0,34.0,26.0,24.34,11.06,209.0,191.0,49,0.83,0.5(BDL),1(BDL),0.2(BDL),,20º 57.405',74º 17.598',20.95675,74.2933
2685,08-05-2025,Aug,12:05:00,"Patalganga river at D/s of Kharpada bridge , Village. Kharpada, Taluka. Khalapur, District. Raigad.",River,Patalganga,Patalganga ,Raigad,Maharashtra,Maharashtra PCB,Monthly,Industrial Effluent,A (Drinking Water source without conventional treatment but after disinfection),,Industrial,Clear,Less than 50cm,Others,Yes,Clear,,0.0,27.0,6.6,7.7,197.0,4.0,0.63,33.0,220.0,6,1.0,5(BDL),72,17.99,24.0,1.5(BDL),0.4,70.0,40.0,30.0,10.94,7.6,174.0,153.0,10(BDL),0.38,0.5(BDL),1(BDL),0.2(BDL),,18° 50.259,73° 05.339,18.83765,73.08898333333333
2686,08-05-2025,Aug,13:50:00,"Patalganga river at Vyal Pump house,  Village. Vyal,  Taluka. Khalapur, District. Raigad.",River,Patalganga,Patalganga ,Raigad,Maharashtra,Maharashtra PCB,Monthly,Industrial Effluent,A (Drinking Water source without conventional treatment but after disinfection),,Industrial,Clear,Less than 50cm,Others,Yes,Clear,,0.0,27.0,6.7,7.8,161.0,4.0,0.38,9.3,280.0,1.8(BDL),1.0,5(BDL),64,16.49,24.0,1.5(BDL),0.4,60.0,34.0,26.0,7.7,6.5,137.0,121.0,10(BDL),0.2,0.5(BDL),1(BDL),0.2(BDL),,18° 52.275,73° 12.475,18.87125,73.20791666666666
2687,08-05-2025,Aug,14:50:00,"Patalganga river at Khalapur pumping station, Village. Khalapur, Taluka. Khalapur, District. Raigad.",River,Patalganga,Patalganga ,Raigad,Maharashtra,Maharashtra PCB,Monthly,Industrial Effluent,A (Drinking Water source without conventional treatment but after disinfection),,Industrial,Clear,Less than 50cm,Others,Yes,Clear,,0.0,27.0,7.0,7.6,225.0,3.0,0.54,14.0,350.0,1.8(BDL),1.0,5(BDL),82,18.99,16.0,1.5(BDL),0.4,86.0,48.0,38.0,18.29,7.65,191.0,167.0,10(BDL),0.2,0.5(BDL),1(BDL),0.2(BDL),,18° 49.504,73° 17.000,18.825066666666668,73.28333333333333
2688,08-05-2025,Aug,14:40:00,"Patalganga river at Savroli bridge, Village. Savroli,Taluka. Khalapur,District. Raigad.",River,Patalganga,Patalganga ,Raigad,Maharashtra,Maharashtra PCB,Monthly,Industrial Effluent,A (Drinking Water source without conventional treatment but after disinfection),,Industrial,Clear,Less than 50cm,Others,Yes,Clear,,0.0,28.0,6.8,7.7,222.0,3.2,0.54,63.0,540.0,6,1.0,5(BDL),84,17.99,24.0,1.5(BDL),0.4,84.0,46.0,38.0,17.5,7.5,188.0,161.0,10(BDL),0.2,0.5(BDL),1(BDL),0.2(BDL),,18° 49.020,73° 17.201,18.817,73.28668333333333
2689,08-05-2025,Aug,16:40:00,"Patalganga river at Gagangiri Maharaj Temple, Village. Khopoli, Taluka. Khalapur, District. Raigad.",River,Patalganga,Patalganga ,Raigad,Maharashtra,Maharashtra PCB,Monthly,Industrial Effluent,A (Drinking Water source without conventional treatment but after disinfection),,Industrial,Clear,Less than 50cm,Others,Yes,Clear,,0.0,27.0,7.0,7.1,55.0,3.2,0.3,40.0,280.0,1.8(BDL),1.0,5(BDL),26,10,16.0,1.5(BDL),0.4,20.0,12.0,8.0,5(BDL),5(BDL),51.0,44.0,10(BDL),0.24,0.5(BDL),1(BDL),0.2(BDL),,18° 47.216,73° 21.164,18.786933333333334,73.35273333333333
2690,08-04-2025,Aug,16:30:00,"Pawana river at Kasarwadi, Village. Kasarwadi, Taluka. Haweli, District. Pune.",River,Pawana,Pawana ,Pune,Maharashtra,Maharashtra PCB,Monthly,,No Information,,,Clear,Less than 50cm,Others,Yes,Clear,,0.0,27.0,3.2,7.5,693.0,15.0,1.04,220.0,1600.0,11,9.95,5(BDL),140,75.08,52.2,3.92,1.43,196.0,94.0,102.0,5.8,42.82,535.0,425.0,29,0.51,0.5(BDL),6.7,0.7,,18° 36.137,73° 49.306,18.602283333333332,73.82176666666666
2691,08-06-2025,Aug,12:44:00,"Pawana river at  Dapodi bridge, at Pawana. Mulla Sangam,  Village. Dapodi, Taluka. Haweli, District. Pune.",River,Pawana,Pawana ,Pune,Maharashtra,Maharashtra PCB,Monthly,,No Information,,,Clear,Less than 50cm,Others,Yes,Clear,,0.0,26.0,3.9,7.5,837.0,9.5,0.55,280.0,1600.0,41,8.27,5(BDL),142,71.23,36.0,5.04,2.2,234.0,116.0,118.0,7.06,48.67,662.0,536.0,28,0.2,1.9,5.48,0.6,,18° 34.429,73° 49.909,18.573816666666666,73.83181666666667
2692,08-04-2025,Aug,15:30:00,"Pawana river at Ravet Weir, Village. Ravet, Taluka. Haweli, District. Pune.",River,Pawana,Pawana ,Pune,Maharashtra,Maharashtra PCB,Monthly,,No Information,,,Clear,Less than 50cm,Others,Yes,Clear,,0.0,27.0,4.7,7.9,374.0,7.2,0.61,1.8,350.0,1.8(BDL),1.23,5(BDL),70,18.54,24.1,1.5(BDL),0.4,106.0,56.0,50.0,5(BDL),13.53,291.0,235.0,15,0.2,0.5(BDL),1.05,0.2(BDL),,18° 38.374,73° 44.867,18.639566666666667,73.74778333333333
2693,08-04-2025,Aug,16:00:00,"Pawana river at Chinchwadgaon, Village. Chinchwadgaon,Taluka. Haweli,District. Pune.",River,Pawana,Pawana ,Pune,Maharashtra,Maharashtra PCB,Monthly,,No Information,,,Clear,Less than 50cm,Others,Yes,Clear,,0.0,27.0,4.1,7.9,420.0,8.6,0.79,70.0,1600.0,11,1.28,5(BDL),76,27.54,32.1,1.68,0.4,118.0,60.0,58.0,5(BDL),17.51,322.0,264.0,10(BDL),0.37,0.5(BDL),2.08,0.6,,18° 37.553,73° 46.681,18.625883333333334,73.77801666666667
2694,08-04-2025,Aug,16:45:00,"Pawana river at Pimprigaon, Village. Pimprigaon, Taluka. Haweli, District. Pune.",River,Pawana,Pawana ,Pune,Maharashtra,Maharashtra PCB,Monthly,,No Information,,,Clear,Less than 50cm,Others,Yes,Clear,,0.0,27.0,3.5,7.6,638.0,12.5,1.12,110.0,1600.0,1.8(BDL),6.63,5(BDL),132,51.28,44.2,3.36,1.35,180.0,92.0,88.0,7.32,38.89,495.0,400.0,22,0.91,0.5(BDL),7.35,0.5,,18° 37.301,73° 47.903,18.621683333333333,73.79838333333333
2695,08-05-2025,Aug,12:05:00,"Pedhi river near road bridge at Dadhi. Pedhi village, Village. Dadhi. Pedhi, Taluka. Bhatkuli, District. Amravati.",River,Pedhi,Pedhi ,Amravati,Maharashtra,Maharashtra PCB,Monthly,Industrial Effluent,"E (Irrigation, industrial cooling and controlled waste)",,,Clear,Less than 50cm,"Bathing,Washing",No,slightly Turbit,organic,0.5,29.0,4.3,8.1,1046.0,4.8,1.33,94.0,170.0,1.8(BDL),1.0,5(BDL),354,103.62,20.0,1.5(BDL),0.4,386.2,216.6,169.6,103.92,92.9,708.0,601.0,20,0.2,0.5(BDL),7.7,0.2(BDL),,20° 49.532,77° 33.783,20.825533333333333,77.56305
2696,08-07-2025,Aug,14:30:00,"Pehlar Dam on Pehlar river. inlet of water works, Village. Pehlar, Taluka. Vasai, District. Thane.",Dam,Pehlar,Pehlar ,Thane,Maharashtra,Maharashtra PCB,Monthly,Industrial Effluent,A (Drinking Water source without conventional treatment but after disinfection),,Industrial,Clear,Less than 50cm,Others,Yes,Clear,,0.0,29.0,7.0,7.5,1562.0,2.0,0.4,1.8,22.0,1.8(BDL),1.13,5(BDL),56,17.99,8.0,1.5(BDL),0.4,56.0,34.0,22.0,5(BDL),10.85,132.0,116.0,10(BDL),0.35,0.5(BDL),1(BDL),0.2(BDL),,19° 26.601,72° 53.374,19.44335,72.88956666666667
2697,08-06-2025,Aug,13:00:00,"Penganga river near water supply scheme of Umarkhed M.C., Village. Belkhed,Taluka. Umarkhed, District. Yavatmal.",River,Penganga,Penganga ,Chandrapur,Maharashtra,Maharashtra PCB,Monthly,Industrial Effluent,A (Drinking Water source without conventional treatment but after disinfection),,Industrial,Clear,Less than 50cm,"Bathing,Washing",Yes,Clear,,0.0,,7.1,8.4,494.0,3.6,2.55,70.0,140.0,1.8(BDL),1.0,17.6,257,28.49,12.0,2.24,0.73,262.2,160.6,101.6,36.22,42.7,368.0,309.0,18,,0.5(BDL),2.7,,,20° 23.559,78° 07.934,20.39265,78.13223333333333
2698,08-06-2025,Aug,14:30:00,"Penganga river D/s of Isapur Dam, Village. Isapur,Taluka. Pusad,District. Yavatmal.",River,Penganga,Penganga ,Chandrapur,Maharashtra,Maharashtra PCB,Monthly,Industrial Effluent,A (Drinking Water source without conventional treatment but after disinfection),,Industrial,Clear,Less than 50cm,"Bathing,Washing",Yes,Clear,,0.0,21.0,6.8,8.4,701.0,3.7,1.33,33.0,39.0,1.8(BDL),1.0,14.2,199,71.48,12.0,2.24,0.72,237.4,137.6,99.8,77.78,76.8,470.0,390.0,14,0.2,0.5(BDL),3.6,0.2(BDL),,20° 23.559,78° 07.934,20.39265,78.13223333333333
2699,08-04-2025,Aug,09:35:00,Penganga River at Mehkar .Buldana Bridge.Akola,River,Penganga,Penganga ,Akola,Maharashtra,Maharashtra PCB,Monthly,,A (Drinking Water source without conventional treatment but after disinfection),,,Clear,Less than 50cm,Others,Yes,Clear,,3.0,22.0,6.8,8.2,697.0,4.0,0.76,280.0,350.0,1.8(BDL),1.0,5(BDL),220,81.47,16.0,2.8,0.51,282.6,162.6,120.0,29.28,35.8,463.0,388.0,21,0.2,0.5(BDL),4.5,0.2(BDL),,20  ?09.010' N,"76  ? 33.625' E,",20.150166666666667,76.56041666666667
2700,08-05-2025,Aug,15:00:00,"Purna river near Achalpur. Amravati road bridge, Asegaon, Village. Asegaon,Taluka. Chandur Bazar, District. Amravati.",River,Purna,Purna ,Amravati,Maharashtra,Maharashtra PCB,Monthly,Industrial Effluent,"E (Irrigation, industrial cooling and controlled waste)",,,Clear,50-100cm,"Bathing,Washing",Yes,Slightly Turbit,organic,0.7,29.0,6.6,8.5,262.0,3.6,0.31,2.0,4.5,1.8(BDL),1.4,9.6,145,11.8,12.0,1.5(BDL),0.4,123.0,60.4,62.6,10.42,23,194.0,163.0,19,0.2,0.5(BDL),1.8,,,20° 54.396,77° 36.817,20.9066,77.61361666666667
2701,08-04-2025,Aug,12:15:00,"Savitri river Jackwell at Upsa kendre , Village. Nangalwadi, Taluka. Mahad, District. Raigad.",River,Savitri,Savitri,Raigad,Maharashtra,Maharashtra PCB,Monthly,Industrial Effluent,A (Drinking Water source without conventional treatment but after disinfection),,Industrial,Clear,Less than 50cm,"Washing,Fishing",Yes,Clear,,0.0,28.0,6.9,7.6,92.0,2.8,0.3,6.1,27.0,1.8(BDL),1.0,5(BDL),46,6.7,16.0,1.5(BDL),0.41,42.6,27.8,14.8,9.2,5(BDL),76.0,68.0,11,0.2,,1(BDL),0.36,,18° 05.515,73° 27.943,18.091916666666666,73.46571666666667
2702,08-04-2025,Aug,14:10:00,"Savitri river at Shedav Dov, Village. Shedav Dov, Taluka. Mahad, District. Raigad.",River,Savitri,Savitri,Raigad,Maharashtra,Maharashtra PCB,Monthly,Industrial Effluent,A (Drinking Water source without conventional treatment but after disinfection),,Industrial,Clear,Less than 50cm,"Washing,Fishing",Yes,Clear,,0.0,28.0,6.8,7.6,106.0,3.0,0.3,6.1,26.0,1.8(BDL),1.0,5(BDL),46,8.85,16.0,1.5(BDL),0.4,43.6,26.2,17.4,10.1,5(BDL),88.0,79.0,12,0.2,,1(BDL),0.45,,18° 05.177,73° 26.613,18.086283333333334,73.44355
2703,08-04-2025,Aug,14:40:00,"Savitri river at Dadli road bridge, Village. Dadli, Taluka. Mahad, District. Raigad.",River,Savitri,Savitri,Raigad,Maharashtra,Maharashtra PCB,Monthly,Industrial Effluent,A (Drinking Water source without conventional treatment but after disinfection),,Industrial,Clear,Less than 50cm,Fishing,Yes,Clear,,0.0,28.0,6.9,7.6,84.0,2.4,0.3,6.8,26.0,1.8(BDL),1.0,5(BDL),40,8.8,20.0,1.5(BDL),0.48,38.8,23.2,15.6,9.6,5(BDL),67.0,60.0,11,0.2,,1(BDL),0.55,,18° 04.455,73° 25.237,18.07425,73.42061666666666
2704,08-04-2025,Aug,15:20:00,"Savitri river at Muthavali village,  Village. Muthavali, Taluka. Mahad, District. Raigad.",River,Savitri,Savitri,Raigad,Maharashtra,Maharashtra PCB,Monthly,Industrial Effluent,A (Drinking Water source without conventional treatment but after disinfection),,Industrial,Clear,Less than 50cm,Fishing,Yes,Clear,,0.0,28.0,6.7,7.6,89.0,2.8,0.3,6.1,24.0,1.8(BDL),1.0,5(BDL),38,8.85,12.0,1.5(BDL),0.4,38.8,23.2,15.6,8.5,5(BDL),69.0,62.0,11,0.2,,1(BDL),0.32,,18° 04.317,73° 23.647,18.07195,73.39411666666666
2705,08-08-2025,Aug,10:15:00,"Sina river near Laboti toll naka, Village. Laboti,Taluka. Mohal, District. Solapur.",River,Sina,Sina ,Solapur,Maharashtra,Maharashtra PCB,Monthly,,No Information,,,Clear,Greater than 100cm,Others,No,Clear,,0.0,28.0,4.9,8.0,575.0,8.4,1.36,110.0,920.0,40,28.2,5(BDL),106,56.63,32.0,1.5(BDL),0.42,164.0,82.0,82.0,36,28.54,448.0,361.0,70,0.32,1.1,1(BDL),0.4,,17° 47.095,75° 42.577,17.784916666666668,75.70961666666666
2706,08-06-2025,Aug,10:00:00,"Surya River at U/S of Surya Dam, Village. Dhamni, Taluka. Vikramgad, District. Thane.",River,Surya,Surya ,Thane,Maharashtra,Maharashtra PCB,Monthly,Industrial Effluent,A (Drinking Water source without conventional treatment but after disinfection),,,Cloudy,Less than 50cm,Others,Yes,Clear,,0.0,26.0,7.4,7.6,145.0,2.8,0.3,4.0,46.0,1.8(BDL),1.0,5(BDL),50,15,12.0,1.5(BDL),0.4,54.0,22.0,32.0,6.19,5(BDL),123.0,108.0,10(BDL),0.33,0.5(BDL),1(BDL),0.2(BDL),,19° 55.064,72° 03.463,19.917733333333334,72.05771666666666
2707,08-06-2025,Aug,10:30:00,"Surya river at MIDC pumping station on Boisar . Chillarphata road, Village. Garvashet, Taluka. Palghar, District. Thane",River,Surya,Surya ,Thane,Maharashtra,Maharashtra PCB,Monthly,Industrial Effluent,A (Drinking Water source without conventional treatment but after disinfection),,,Cloudy,Less than 50cm,Others,Yes,Clear,,0.0,26.0,7.2,7.5,145.0,3.2,0.3,1.8,22.0,1.8(BDL),1.0,5(BDL),46,15,32.0,1.5(BDL),0.4,66.0,32.0,34.0,6.82,5(BDL),124.0,105.0,10(BDL),0.31,0.5(BDL),1(BDL),0.2(BDL),,19° 47.134,72° 50.362,19.785566666666668,72.83936666666666
2708,08-06-2025,Aug,11:30:00,"Surya river at intake of Vasai.Virar water Scheme, Village. Masvan, Taluka. Palghar, District. Thane.",River,Surya,Surya ,Thane,Maharashtra,Maharashtra PCB,Monthly,Industrial Effluent,A (Drinking Water source without conventional treatment but after disinfection),,,Cloudy,Less than 50cm,Others,Yes,Clear,,0.0,26.0,7.4,7.7,151.0,3.0,0.3,6.0,140.0,1.8(BDL),1.0,5(BDL),54,15.5,24.0,1.5(BDL),0.4,52.0,28.0,24.0,6.11,5.67,128.0,112.0,10(BDL),0.36,0.5(BDL),1(BDL),0.2(BDL),,19° 41.862,72° 51.060,19.6977,72.851
2709,08-06-2025,Aug,15:00:00,"Tansa river near road bridge, Village. Dakewali, Taluka. Wada, District. Thane.",River,Tansa,Tansa ,Thane,Maharashtra,Maharashtra PCB,Monthly,,A (Drinking Water source without conventional treatment but after disinfection),,,Clear,Less than 50cm,Others,No,Clear,Odor Free,0.0,28.0,7.0,7.8,876.0,3.2,0.49,6.0,94.0,1.8(BDL),1.0,5(BDL),330,76.98,8.0,1.5(BDL),0.4,272.0,158.0,114.0,37.02,36.48,744.0,655.0,10(BDL),0.2,0.5(BDL),3.41,0.2(BDL),,19° 29.111,73° 04.944,19.48518333333333,73.0824
2710,08-06-2025,Aug,00:00:00,"Titur river at  D/S of Chalisgaon, Village. Chalisgaon,Taluka. Jalgaon,District. Jalgaon.",River,Titur,Titur ,Jalgaon,Maharashtra,Maharashtra PCB,Monthly,,,,,,,,,,,,,,,,,,,,,,,,,,,,,,,,,,,,,,,,Dry river,20º 27.987',75º 01.165',20.46645,75.01941666666667
2711,08-05-2025,Aug,10:00:00,"Urmodi river at Nagthne, Village. Nagthane,Taluka. Satara, District. Satara.",River,Urmodi,Urmodi ,Satara,Maharashtra,Maharashtra PCB,Monthly,Industrial Effluent,A (Drinking Water source without conventional treatment but after disinfection),,Industrial,Raining,Less than 50cm,"Bathing,Washing",Yes,Light Brown,Odor Free,0.0,25.0,5.1,7.9,415.0,7.6,0.81,14.0,540.0,1.8(BDL),6.14,5(BDL),82,21.74,28.0,2.8,0.65,116.0,60.0,56.0,5(BDL),18.83,328.0,265.0,23,0.2,0.6,1(BDL),0.2(BDL),,17° 34.305,74° 02.863,17.57175,74.04771666666667
2712,08-06-2025,Aug,15:30:00,"Vaitarna river near road bridge, Village. Gandhare, Taluka. Wada, District. Thane.",River,Vaitarna,Vaitarna ,Thane,Maharashtra,Maharashtra PCB,Monthly,,A (Drinking Water source without conventional treatment but after disinfection),,,Clear,Less than 50cm,Others,No,Clear,Odor Free,0.0,28.0,6.9,7.9,901.0,3.0,0.34,6.0,110.0,1.8(BDL),1.0,5(BDL),332,75.98,28.0,1.5(BDL),0.4,266.0,162.0,104.0,38.85,50.55,765.0,674.0,10(BDL),0.2,0.5(BDL),4.11,0.2(BDL),,19° 37.957,73° 07.799,19.632616666666667,73.12998333333333
2713,08-06-2025,Aug,17:20:00,"Vashishti river at D/s of Three M Paper Mills near Chiplun water intake  jackwell,  Village. Kherdi, Taluka. Chiplun, District. Ratnagiri.",River,Vashisthi,Vashisthi,Ratnagiri,Maharashtra,Maharashtra PCB,Monthly,Industrial Effluent,A (Drinking Water source without conventional treatment but after disinfection),,Industrial,Clear,Less than 50cm,Others,Yes,Clear,,0.0,,6.7,7.3,129.0,2.8,0.55,4.5,22.0,1.8(BDL),1.0,5(BDL),62,5(BDL),16.0,1.5(BDL),0.56,58.4,32.4,26.0,6.29,5(BDL),101.0,91.0,11,0.2,,1(BDL),0.25,,17° 39.567,73° 32.357,17.65945,73.53928333333333
2714,08-06-2025,Aug,16:05:00,"Vashishti river at U/s of Pophali near Konphansawane bridge, Village. Pophali, Taluka. Chiplun, District. Ratnagiri.",River,Vashisthi,Vashisthi,Ratnagiri,Maharashtra,Maharashtra PCB,Monthly,Industrial Effluent,A (Drinking Water source without conventional treatment but after disinfection),,Industrial,Clear,Less than 50cm,Others,Yes,Clear,,0.0,,6.0,7.6,75.0,3.0,0.3,9.3,34.0,1.8(BDL),1.0,5(BDL),44,6.9,20.0,1.5(BDL),0.4,38.6,21.8,16.8,7.01,5(BDL),64.0,58.0,11,0.2,,1(BDL),0.23,,17° 26.266,73° 39.420,17.43776666666667,73.657
2715,08-06-2025,Aug,14:30:00,"Vel river at Shikrapur, Village. Shikrapur,Taluka. Shirur, District. Pune.",River,Velu,Velu ,Pune,Maharashtra,Maharashtra PCB,Monthly,,No Information,,Industrial,Clear,Less than 50cm,Others,Yes,Clear,,0.0,24.0,5.5,8.2,359.0,5.0,0.85,110.0,920.0,9.3,1.0,5(BDL),74,27.54,16.0,1.5(BDL),0.45,102.0,48.0,54.0,36.52,29.5,284.0,232.0,12,0.39,0.5(BDL),1(BDL),0.2(BDL),,18° 41.614,74° 08.120,18.693566666666666,74.13533333333334
2716,08-07-2025,Aug,04:00:00,"Venna river at  Mahabaleshwar, Village. Mahabaleshwar, Taluka. Mahabaleshwar, District. Satara.",River,Venna,Venna ,Satara,Maharashtra,Maharashtra PCB,Monthly,Industrial Effluent,A (Drinking Water source without conventional treatment but after disinfection),,Industrial,Raining,Less than 50cm,"Bathing,Washing",Yes,Clear,Odor Free,0.0,24.0,6.4,7.5,45.0,3.8,0.52,17.0,220.0,1.8(BDL),2.34,5(BDL),20(BDL),6.75,12.0,1.5(BDL),0.4,16.0,8.0,8.0,7.85,5(BDL),36.0,30.0,12,0.2,0.5(BDL),1(BDL),0.2(BDL),,17° 55.296,73° 41.475,17.9216,73.69125
2717,08-04-2025,Aug,09:50:00,"Venna river at Mahuli, Village. Mahuli, Taluka. Mahuli, District. Satara.",River,Venna,Venna ,Satara,Maharashtra,Maharashtra PCB,Monthly,Industrial Effluent,A (Drinking Water source without conventional treatment but after disinfection),,Industrial,Raining,Less than 50cm,"Bathing,Washing",Yes,Light Brown,Odor Free,0.0,26.0,6.4,8.1,277.0,3.6,0.62,46.0,350.0,1.8(BDL),3.69,5(BDL),60,14.2,12.0,2.24,0.7,80.0,40.0,40.0,5(BDL),11.08,221.0,181.0,11,0.2,0.5(BDL),1(BDL),0.2(BDL),,17° 41.566,74° 03.043,17.692766666666667,74.05071666666667
2718,08-06-2025,Aug,11:00:00,"Waghur river at. Sakegaon before Confluence with Tapi river, Village. Sakegaon,Taluka. Jalgaon,District. Jalgaon.",River,Waghur,Waghur ,Jalgaon,Maharashtra,Maharashtra PCB,Monthly,,No Information,,,Clear,Less than 50cm,Others,No,Clear,,1.0,23.0,5.4,8.7,665.0,3.6,0.66,13.0,79.0,1.8(BDL),21.9,5(BDL),136,109.97,12.0,1.5(BDL),0.4,170.0,100.0,70.0,168.3,51.85,533.0,477.0,18,0.66,0.5(BDL),1(BDL),0.2(BDL),,21º 05.592',75º 41.642',21.0932,75.69403333333334
2719,08-07-2025,Aug,14:00:00,"Wardha river at D/s of Erai river at Hadasti near Arun Engg. Works, Village. Hadasti, Taluka. Chandrapur, District. Chandrapur.",River,Erai,Erai ,Chandrapur,Maharashtra,Maharashtra PCB,Monthly,Industrial Effluent,A (Drinking Water source without conventional treatment but after disinfection),,Industrial,Clear,Less than 50cm,"Bathing,Washing",Yes,Clear,,0.0,22.0,6.9,8.4,506.0,3.7,3.82,110.0,220.0,1.8(BDL),1.0,13.2,201,26.49,16.0,2.24,7.6,202.4,110.4,92.0,37.96,35.5,380.0,312.0,36,0.2,0.5(BDL),2.8,0.2(BDL),,19° 59.433,79° 15.754,19.99055,79.26256666666667
2720,08-07-2025,Aug,13:20:00,"Wardha river at U/s of Erai river at Hadasti near Arun Engg. Works, Village. Hadasti, Taluka. Chandrapur, District. Chandrapur.",River,Erai,Erai ,Chandrapur,Maharashtra,Maharashtra PCB,Monthly,Industrial Effluent,A (Drinking Water source without conventional treatment but after disinfection),,Industrial,Clear,Less than 50cm,"Bathing,Washing",Yes,Clear,,0.0,21.0,7.0,8.3,486.0,3.5,3.81,49.0,79.0,1.8(BDL),1.0,11.8,206,27.49,12.0,2.8,0.72,212.2,110.2,102.0,36.22,41.3,378.0,313.0,28,0.2,0.5(BDL),2.8,0.2(BDL),,19° 59.263,79° 06.907,19.987716666666667,79.11511666666667
2721,08-07-2025,Aug,15:30:00,"Wardha river at U/s of ACC Ltd. Ghuggus near WCL pump house, Village. Ghuggus, Taluka. Chandrapur, District. Chandrapur.",River,Wardha,Wardha ,Chandrapur,Maharashtra,Maharashtra PCB,Monthly,Industrial Effluent,A (Drinking Water source without conventional treatment but after disinfection),,Industrial,Clear,Less than 50cm,"Bathing,Washing",Yes,Clear,,0.0,22.0,7.0,8.4,452.0,3.6,3.67,79.0,140.0,1.8(BDL),1.0,13.8,197,28.49,12.0,1.68,0.51,211.0,111.2,99.8,35.8,41.2,340.0,278.0,40,0.2,0.5(BDL),3.1,0.2(BDL),,19° 54.336,79° 06.894,19.9056,79.1149
2722,08-07-2025,Aug,13:20:00,"Wena river at U/s of Mohata Mills, near Railway bridge on Wardha  Chandrapur Railway line, Village. Hinganghat, Taluka. Hinganghat, District. Wardha.",River,Wena,Wena,Nagpur,Maharashtra,Maharashtra PCB,Monthly,Municipal Sewage,"E (Irrigation, industrial cooling and controlled waste)",,,Clear,Less than 50cm,"Bathing,Washing,Fishing",Yes,Clear,,0.0,22.0,6.8,8.2,571.0,3.0,3.66,49.0,110.0,1.8(BDL),2.8,13.8,231,25.99,12.0,2.24,0.58,246.6,135.2,111.4,63.46,42,418.0,342.0,24,0.2,0.5(BDL),3.4,0.2(BDL),,20° 57.008,79° 00.756,20.950133333333333,79.0126
2723,08-07-2025,Aug,13:30:00,"Wena river at D/s of Mohata Mills, near  bridge on Hinganghat. Wadner road,  Village. Hinganghat, Taluka. Hinganghat,  District. Wardha.",River,Wena,Wena,Nagpur,Maharashtra,Maharashtra PCB,Monthly,Municipal Sewage,"E (Irrigation, industrial cooling and controlled waste)",,,Clear,Less than 50cm,"Bathing,Washing,Fishing",Yes,Clear,,0.0,22.0,6.4,8.2,543.0,3.2,3.62,110.0,220.0,1.8(BDL),2.9,14.8,233,39.99,8.0,2.24,0.58,250.0,137.8,112.2,64.04,45.8,401.0,332.0,34,0.2,0.5(BDL),3.8,0.2(BDL),,20° 32.655,78° 48.714,20.54425,78.8119
2782,08-06-2025,Aug,13:45:00,"Rabodi nalla, Village. Rabodi,Taluka. Thane, District. Thane.",Nala,Rabodi,Rabodi,Thane,Maharashtra,Maharashtra PCB,Monthly,Industrial Effluent,A (Drinking Water source without conventional treatment but after disinfection),,Industrial,Clear,Less than 50cm,Others,Yes,Clear,,0.0,28.0,0.3,7.2,721.0,44.0,1.98,220.0,540.0,,4.76,5(BDL),230,72.98,128.0,6.72,4.12,188.0,128.0,60.0,61.66,42.99,518.0,456.0,41,1.4,0.5(BDL),11.2,0.2(BDL),,19° 12.081,72° 59.173,19.20135,72.98621666666666
2783,08-06-2025,Aug,14:20:00,"Colour chem  Nalla, Village. Majiwada,Taluka. Thane,District. Thane.",Nala,Colour Chem,Colour Chem ,Thane,Maharashtra,Maharashtra PCB,Monthly,Industrial Effluent,A (Drinking Water source without conventional treatment but after disinfection),,Industrial,Clear,Less than 50cm,Others,Yes,Clear,,0.0,28.0,1.0,7.4,711.0,30.0,2.09,140.0,540.0,,6.29,5(BDL),232,71.48,84.0,8.96,4.26,190.0,126.0,64.0,54.02,41.24,510.0,452.0,62,0.25,0.5(BDL),10.91,0.2(BDL),,19° 12.957,72° 59.153,19.21595,72.98588333333333
2784,08-06-2025,Aug,15:10:00,"Sandoz nalla, Village. Sandozbaug,Taluka. Thane,District. Thane.",Nala,Sandoz,Sandoz ,Thane,Maharashtra,Maharashtra PCB,Monthly,Industrial Effluent,A (Drinking Water source without conventional treatment but after disinfection),,Industrial,Clear,Less than 50cm,Others,Yes,Clear,,0.0,28.0,0.9,7.3,717.0,35.0,2.0,110.0,430.0,,4.55,5(BDL),236,74.98,80.0,7.84,4.18,188.0,132.0,56.0,50.46,35,526.0,463.0,52,0.23,0.5(BDL),11.2,0.2(BDL),,19° 14.219,72° 59.844,19.236983333333335,72.9974
2785,08-06-2025,Aug,11:00:00,"BPT, Navapur, Village. Navapur, Taluka. Palghar, District. Thane.",Nala,BPT Navapur,BPT Navapur ,Thane,Maharashtra,Maharashtra PCB,Monthly,Industrial Effluent,A (Drinking Water source without conventional treatment but after disinfection),,,Raining,Less than 50cm,Others,Yes,Blackish,,0.0,26.0,0.3,7.4,5985.0,54.0,2.29,63.0,280.0,,19.0,5(BDL),526,1109.66,180.0,8.96,4.23,352.0,236.0,116.0,655.2,987.2,4985.0,4376.0,64,0.2,0.5(BDL),52.39,0.58,,19° 47.215,72° 41.404,19.786916666666666,72.69006666666667
2786,08-06-2025,Aug,11:55:00,"Tarapur MIDC Nalla ( near Sump 1), Village. MIDC Tarapur, Taluka. Palghar, District. Thane.",Nala,Tarapur MIDC Nalla,Tarapur MIDC Nalla,Thane,Maharashtra,Maharashtra PCB,Monthly,Industrial Effluent,A (Drinking Water source without conventional treatment but after disinfection),,,Raining,Less than 50cm,Others,Yes,Light Brown,,0.0,26.0,0.3,7.3,2473.0,58.0,21.0,33.0,280.0,,3.95,5(BDL),198,709.78,144.0,28,4.07,728.0,476.0,252.0,108.12,281.6,2138.0,1920.0,16,0.2,0.5(BDL),12.87,2.1,,19° 47.138,72° 44.412,19.785633333333333,72.7402
2787,08-06-2025,Aug,12:15:00,"Tarapur MIDC Nalla ( Near Sump 2), Village. MIDC  Tarapur, Taluka. Palghar, District. Thane.",Nala,Tarapur MIDC Nalla,Tarapur MIDC Nalla,Thane,Maharashtra,Maharashtra PCB,Monthly,Industrial Effluent,A (Drinking Water source without conventional treatment but after disinfection),,,Raining,Less than 50cm,Others,Yes,Light Brown,,0.0,26.0,0.3,7.3,1728.0,110.0,1.41,40.0,220.0,,30.7,5(BDL),390,279.91,312.0,32.48,16.92,544.0,312.0,232.0,121.4,168.24,1690.0,1487.0,27,2.0,0.5(BDL),16.47,0.42,,19° 48.336,72° 43.464,19.8056,72.7244
2788,08-06-2025,Aug,12:30:00,"Tarapur MIDC Nalla ( Near Sump 3), Village. MIDC  Tarapur, Taluka. Palghar, District. Thane.",Nala,Tarapur MIDC Nalla,Tarapur MIDC Nalla,Thane,Maharashtra,Maharashtra PCB,Monthly,Industrial Effluent,A (Drinking Water source without conventional treatment but after disinfection),,,Raining,Less than 50cm,Others,Yes,Pale Yellow,,0.0,26.0,0.3,6.9,7297.0,210.0,2.16,33.0,280.0,,44.2,5(BDL),312,1909.41,624.0,28,14.9,736.0,280.0,456.0,548.6,1021,6202.0,5458.0,73,0.38,0.5(BDL),28.36,0.48,,19° 46.933,72° 43.309,19.782216666666667,72.72181666666667
2789,08-07-2025,Aug,13:35:00,"Nalla at D/s of Aklai Mandir, Village. Aklai, Taluka. Malshiras, District. Solapur.",Nala,Nira,Nira ,Solapur,Maharashtra,Maharashtra PCB,Monthly,,B (Outdoor bathing(Organized)),,,Clear,Greater than 100cm,"Bathing,Washing,Others",No,Clear,,0.0,30.0,5.3,8.3,587.0,5.4,0.77,70.0,540.0,17,6.15,5(BDL),104,59.48,20.0,1.68,0.44,166.0,88.0,78.0,34.04,69.64,465.0,374.0,24,0.73,0.5(BDL),4.45,0.3,,17° 53.339,75° 01.541,17.888983333333332,75.02568333333333
2790,08-04-2025,Aug,12:20:00,"Pimpal.Paneri nalla at Ratnagiri near Finolex Industries, Village. Yahganigaon, Taluka. Ratnagiri, District. Ratnagiri.",Nala,Pimpal Paneri,Pimpal Paneri,Ratnagiri,Maharashtra,Maharashtra PCB,Monthly,,No Information,,,Clear,50-100cm,Others,Yes,Clear,Odor Free,0.0,28.0,7.1,7.3,239.0,2.6,1.47,5.5,20.0,1.8(BDL),1.0,5(BDL),60,41.49,16.0,1.5(BDL),0.4,53.4,44.6,8.79,7.25,18,178.0,160.0,11,0.2,,1.12,0.42,,16° 55.175,73° 17.944,16.919583333333332,73.29906666666666
2791,08-04-2025,Aug,11:55:00,"Ulhas creek at Reti bunder at D/s of Kalyan. Bhiwandi bridge, Village. Kalyan, Taluka. Kalyan, District. Thane.",Creek,Ulhas,Ulhas ,Thane,Maharashtra,Maharashtra PCB,Monthly,Industrial Effluent,A (Drinking Water source without conventional treatment but after disinfection),,Industrial,Clear,Less than 50cm,Others,Yes,Clear,,5.0,28.0,6.0,7.6,193.0,3.8,0.68,63.0,540.0,,2.45,5(BDL),82,16,8.0,1.5(BDL),0.4,70.0,38.0,32.0,8.04,7.8,160.0,140.0,10(BDL),0.2,0.5(BDL),1.72,0.2(BDL),,19° 15.71,73° 07.043,19.261833333333332,73.11738333333334
2792,08-06-2025,Aug,11:35:00,"Ulhas creek at Mumbra Reti bunder, Village. Mumbra,Taluka. Thane, District. Thane.",Creek,Ulhas,Ulhas ,Thane,Maharashtra,Maharashtra PCB,Monthly,Industrial Effluent,A (Drinking Water source without conventional treatment but after disinfection),,Industrial,Clear,Less than 50cm,Others,Yes,Clear,,0.0,28.0,6.4,7.2,10750.0,4.6,0.85,220.0,920.0,,1.11,5(BDL),112,3673.86,8.0,2.24,0.4,1090.0,210.0,880.0,411,1713,9158.0,8059.0,45,0.2,0.63,57.82,0.24,,19° 12.573,73° 01.068,19.20955,73.0178
2793,08-06-2025,Aug,13:00:00,"Thane creek at Kalwa road bridge, Village. Kalwa,Taluka. Thane,District. Thane.",Creek,Thane,Thane ,Thane,Maharashtra,Maharashtra PCB,Monthly,Industrial Effluent,A (Drinking Water source without conventional treatment but after disinfection),,Industrial,Clear,Less than 50cm,Others,Yes,Clear,,0.0,28.0,5.0,7.3,10650.0,8.4,0.85,280.0,920.0,,1.0,5(BDL),110,3623.88,64.0,2.24,0.4,1240.0,210.0,1030.0,265.6,1660,9058.0,7972.0,46,0.2,0.64,68.28,0.24,,19° 11.736,72° 59.152,19.1956,72.98586666666667
2794,08-06-2025,Aug,10:50:00,"Ulhas creek at Kolshet Reti bunder, Village. Kolshet, Taluka. Thane, District. Thane.",Creek,Ulhas,Ulhas ,Thane,Maharashtra,Maharashtra PCB,Monthly,Industrial Effluent,A (Drinking Water source without conventional treatment but after disinfection),,Industrial,Clear,Less than 50cm,Others,Yes,Clear,,0.0,28.0,6.4,7.3,10660.0,4.4,0.83,94.0,430.0,,1.06,5(BDL),104,3498.92,8.0,1.5(BDL),0.4,1050.0,210.0,840.0,386.8,1766.8,9062.0,7975.0,40,0.2,0.61,57.9,0.23,,19° 14.723,72° 59.856,19.245383333333333,72.9976
2795,08-06-2025,Aug,10:00:00,"Ulhas creek at Gaimukh at Nagla Bunder on Ghod bunder road, Village. Nagla,Taluka. Thane,District. Thane.",Creek,Ulhas,Ulhas ,Thane,Maharashtra,Maharashtra PCB,Monthly,Industrial Effluent,A (Drinking Water source without conventional treatment but after disinfection),,Industrial,Clear,Less than 50cm,Others,Yes,Clear,,0.0,28.0,5.2,7.2,11190.0,7.4,0.85,110.0,540.0,,1.0,5(BDL),84,3523.91,44.0,2.24,0.4,1100.0,220.0,880.0,803.6,1531.5,9511.0,8370.0,58,0.28,0.6,57.29,0.24,,19° 17.229,72° 56.310,19.28715,72.9385
2796,08-07-2025,Aug,15:15:00,"Ulhas creek at Versova bridge, Village. Versova, Taluka. Vasai, District. Thane.",Creek,Ulhas,Ulhas ,Thane,Maharashtra,Maharashtra PCB,Monthly,Industrial Effluent,A (Drinking Water source without conventional treatment but after disinfection),,Industrial,Clear,Less than 50cm,Others,Yes,Clear,,0.0,30.0,5.0,7.1,21890.0,8.0,1.03,110.0,430.0,,2.6,5(BDL),96,8797.27,72.0,2.24,0.4,2760.0,480.0,2280.0,1234,3320,19520.0,17177.0,52,0.27,1.03,116.18,0.42,,19° 17.225,72° 54.337,19.287083333333335,72.90561666666666
2797,08-07-2025,Aug,11:45:00,"Bhayander creek at D/s of Railway bridge at  Jasal park choupathy, Village. Navghar, Taluka. Bhayander, District. Thane.",Creek,Bhayander,Bhayander ,Thane,Maharashtra,Maharashtra PCB,Monthly,Industrial Effluent,A (Drinking Water source without conventional treatment but after disinfection),,Industrial,Clear,Less than 50cm,Others,Yes,Clear,,0.0,28.0,4.6,7.5,27180.0,14.0,0.96,170.0,920.0,,2.01,5(BDL),102,11996.28,216.0,2.24,0.4,3880.0,520.0,3360.0,935,5881,25642.0,22564.0,59,0.31,1.09,200.7,0.53,,19° 19.042,72° 51.409,19.31736666666667,72.85681666666666
2798,08-06-2025,Aug,10:05:00,"Kharekuran Murbe creek , Village. Kharekuran, Taluka. Palghar, District. Thane.",Creek,Kharekuran Murbe,Kharekuran Murbe ,Thane,Maharashtra,Maharashtra PCB,Monthly,Industrial Effluent,A (Drinking Water source without conventional treatment but after disinfection),,,Raining,Less than 50cm,Others,Yes,Light Brown,,0.0,26.0,3.9,7.9,30560.0,18.0,0.62,140.0,540.0,,1.5,5(BDL),124,12696.06,208.0,1.5(BDL),0.4,4000.0,600.0,3400.0,973.5,6275,26892.0,23665.0,64,0.23,0.5(BDL),302,0.66,,19° 44.446,72° 42.604,19.740766666666666,72.71006666666666
2799,08-06-2025,Aug,11:30:00,"Dandi Creek, Village. Dandi, Taluka. Palghar, District. Thane.",Creek,Dandi,Dandi ,Thane,Maharashtra,Maharashtra PCB,Monthly,Industrial Effluent,A (Drinking Water source without conventional treatment but after disinfection),,,Raining,Less than 50cm,Others,Yes,Light Brown,,0.0,26.0,4.0,8.0,30570.0,16.0,0.65,70.0,430.0,,1.44,5(BDL),122,13495.82,212.0,1.5(BDL),0.4,3800.0,660.0,3140.0,1057,7465,27384.0,24525.0,68,0.24,0.5(BDL),385,0.64,,19° 48.041,72° 41.255,19.800683333333332,72.68758333333334
28,08-08-2025,Aug,10:15:00,"Bhima river at Takli near Karnataka border, Village. Takali, Taluka. South Solapur,  District. Solapur.",River,Bhima,Bhima ,Solapur,Maharashtra,Maharashtra PCB,Monthly,,C (Drinking water source),,,Clear,Greater than 100cm,Others,No,Clear,,0.0,27.0,5.1,8.2,721.0,8.2,1.23,11.0,240.0,1.8(BDL),1.88,5(BDL),142,67.43,32.0,1.68,0.56,204.0,112.0,92.0,8.54,59.79,570.0,466.0,14,0.2,0.5(BDL),1.81,0.3,,17°24.910,75°50.766 ,17.415166666666668,75.8461
2800,08-06-2025,Aug,10:30:00,"Sarwali Creek, Village. Sarwali, Taluka. Palghar, District. Thane.",Creek,Sarwali,Sarwali ,Thane,Maharashtra,Maharashtra PCB,Monthly,Industrial Effluent,A (Drinking Water source without conventional treatment but after disinfection),,,Cloudy,Less than 50cm,Others,Yes,Clear,,0.0,26.0,7.3,7.6,849.0,3.0,3.82,94.0,540.0,,1.0,5(BDL),184,130.96,20.0,5.6,0.4,262.0,156.0,106.0,26.32,65.3,721.0,635.0,14,0.2,0.5(BDL),6.94,1.1,,19° 46.201,72° 45.091,19.770016666666667,72.75151666666666
2801,08-06-2025,Aug,12:10:00,"Savta Creek, Village. Savta, Taluka. Dahanu, District. Thane.",Creek,Savta,Savta ,Thane,Maharashtra,Maharashtra PCB,Monthly,Industrial Effluent,A (Drinking Water source without conventional treatment but after disinfection),,,Cloudy,Less than 50cm,Others,Yes,Clear,,0.0,26.0,4.0,7.8,10890.0,12.5,0.68,140.0,540.0,,1.37,5(BDL),136,3598.88,84.0,1.5(BDL),0.4,1240.0,240.0,1000.0,291.6,2010,9256.0,8145.0,45,0.4,0.5(BDL),101,0.28,,19° 57.905,72° 46.792,19.965083333333332,72.77986666666666
2802,08-06-2025,Aug,13:05:00,"Dahanu Creek at Dahanu Fort, Village. Danugaon, Taluka. Dahanu, District. Thane.",Creek,Dahanu,Dahanu ,Thane,Maharashtra,Maharashtra PCB,Monthly,Industrial Effluent,A (Drinking Water source without conventional treatment but after disinfection),,,Cloudy,Less than 50cm,Others,Yes,Clear,,0.0,26.0,4.2,8.0,10840.0,14.0,0.69,220.0,920.0,,1.55,5(BDL),138,3523.91,88.0,1.5(BDL),0.4,1200.0,270.0,930.0,291.6,1983,9214.0,8108.0,38,0.38,0.5(BDL),113.1,0.29,,19° 58.312,72° 43.132,19.971866666666667,72.71886666666667
2803,08-05-2025,Aug,18:15:00,"Panvel creek at Kopra bridge, Village. Kopra,Taluka. Panvel, District. Raigad.",Creek,Panvel,Panvel ,Raigad,Maharashtra,Maharashtra PCB,Monthly,Industrial Effluent,A (Drinking Water source without conventional treatment but after disinfection),,Industrial,Clear,Less than 50cm,Others,Yes,Clear,,0.0,27.0,6.8,7.4,193.0,3.4,0.63,130.0,540.0,,1.0,5(BDL),72,18.99,20.0,1.5(BDL),0.4,74.0,42.0,32.0,11.89,9.65,162.0,143.0,10(BDL),0.22,0.5(BDL),1(BDL),0.2(BDL),,19° 02.053,73° 04.997,19.034216666666666,73.08328333333333
2804,08-06-2025,Aug,18:00:00,"Karambavane creek at Chiplun, Village. Karambavane, Taluka. Chiplun, District. Ratnagiri.",Creek,Karambavane,Karambavane,Ratnagiri,Maharashtra,Maharashtra PCB,Monthly,Industrial Effluent,A (Drinking Water source without conventional treatment but after disinfection),,Industrial,Clear,Less than 50cm,Others,Yes,Clear,,0.0,,7.0,7.4,655.0,2.8,0.3,6.0,25.0,1.8(BDL),1.0,5(BDL),64,150.15,12.0,1.5(BDL),0.54,87.2,34.2,53.0,23.38,68,468.0,421.0,12,0.2,,1.64,0.2(BDL),,17° 34.867,73° 25.913,17.581116666666667,73.43188333333333
2805,08-07-2025,Aug,13:15:00,"Arnala sea, Village. Arnala, Taluka. Vasai, District. Thane.",Sea,Arnala,Arnala ,Thane,Maharashtra,Maharashtra PCB,Monthly,Industrial Effluent,A (Drinking Water source without conventional treatment but after disinfection),,Industrial,Clear,Less than 50cm,Others,Yes,Clear,,0.0,29.0,4.8,7.8,37920.0,12.0,0.91,140.0,540.0,,2.71,5(BDL),108,16194.98,108.0,2.24,0.4,4640.0,760.0,3880.0,1471,8398,33290.0,29295.0,58,0.22,1.31,266.8,,,19° 26.951,72° 44.950,19.449183333333334,72.74916666666667
2806,08-07-2025,Aug,11:00:00,"Uttan sea at Bhayander, Village. Uttan, Taluka. Bhayander, District. Thane.",Sea,Uttan,Uttan ,Thane,Maharashtra,Maharashtra PCB,Monthly,Industrial Effluent,A (Drinking Water source without conventional treatment but after disinfection),,Industrial,Clear,Less than 50cm,Others,Yes,Clear,,0.0,26.0,4.4,7.7,39010.0,16.0,0.87,110.0,920.0,,10.1,5(BDL),118,15395.23,208.0,2.24,0.4,4840.0,720.0,4120.0,1612.5,7330,33158.0,29179.0,62,0.34,1.33,210.3,0.56,,19° 16.822,72° 47.007,19.280366666666666,72.78345
2807,08-06-2025,Aug,10:45:00,"Navapur sea, Village. Navapur, Taluka. Palghar, District. Thane.",Sea,Navapur,Navapur ,Thane,Maharashtra,Maharashtra PCB,Monthly,Industrial Effluent,A (Drinking Water source without conventional treatment but after disinfection),,,Raining,Less than 50cm,Others,Yes,Light Brown,,0.0,26.0,4.4,7.8,29910.0,16.0,1.14,140.0,540.0,,1.47,5(BDL),130,13195.91,196.0,2.24,0.4,4120.0,640.0,3480.0,1119.5,6852,26120.0,22985.0,42,0.2,0.5(BDL),314.8,0.67,,19° 47.568,72° 41.437,19.7928,72.69061666666667
2808,08-07-2025,Aug,12:30:00,"Sea water at Nariman Point, Village. Colaba, Taluka. Colaba, District. Mumbai.",Sea,Narimen Point,Narimen Point,Mumbai,Maharashtra,Maharashtra PCB,Monthly,Industrial Effluent,No Information,,Industrial,Clear,Less than 50cm,Others,Yes,Clear,Odor Free,0.0,28.0,4.4,7.8,31030.0,14.0,0.94,130.0,430.0,,1.87,5(BDL),142,12396.16,60.0,2.24,0.4,4000.0,780.0,3220.0,1073.5,8795,27320.0,23892.0,31,0.23,1.76,235.9,0.6,,18° 55.534,72° 49.108,18.92556666666667,72.81846666666667
2809,08-07-2025,Aug,14:00:00,"Sea water at Malabar Hill, Village. Walkeshwar,Taluka. Mumbai,District. Mumbai.",Sea,Malabar Hill, Malabar Hill,Mumbai,Maharashtra,Maharashtra PCB,Monthly,Industrial Effluent,No Information,,Industrial,Clear,Less than 50cm,Others,Yes,Clear,Odor Free,0.0,28.0,4.2,7.9,30670.0,16.0,1.0,94.0,540.0,,2.06,5(BDL),128,12296.19,80.0,2.24,0.4,5160.0,800.0,4360.0,1091,7940,26869.0,23645.0,34,0.24,1.89,213.05,0.57,,18° 57.176,72° 48.400,18.952933333333334,72.80666666666667
2810,08-07-2025,Aug,14:30:00,"Sea water at Haji Ali, Village. Worli, Taluka. Worli, District. Mumbai.",Sea,Haji Ali,Haji Ali,Mumbai,Maharashtra,Maharashtra PCB,Monthly,Industrial Effluent,No Information,,Industrial,Clear,Less than 50cm,Others,Yes,Clear,Odor Free,0.0,28.0,4.4,7.8,31110.0,14.0,0.93,280.0,920.0,,1.53,5(BDL),132,12496.13,76.0,2.24,0.4,3180.0,720.0,2460.0,1047.5,6959,26445.0,23272.0,38,0.23,1.9,212.8,0.59,,18° 58.722,72° 48.685,18.9787,72.81141666666667
2811,08-06-2025,Aug,10:30:00,"Sea water at Shivaji park ( Dadar choupathy), Village. Dadar, Taluka.Dadar,  District. Mumbai.",Sea,Shivaji Park,Shivaji Park ,Mumbai,Maharashtra,Maharashtra PCB,Monthly,Industrial Effluent,No Information,,Industrial,Clear,Less than 50cm,Others,Yes,Clear,Odor Free,0.0,28.0,5.0,7.7,31360.0,8.0,0.93,220.0,920.0,,1.06,5(BDL),132,12596.09,76.0,2.24,0.4,3240.0,780.0,2460.0,967,6843,27858.0,24518.0,31,0.26,1.99,220.5,0.56,,19° 01.570,72° 50.069,19.026166666666665,72.83448333333334
2812,08-05-2025,Aug,13:00:00,"Sea water at Juhu beach,  Village. Juhugaon, Taluka. Santacruz,  District. Mumbai.",Sea,Juhu  Beach,Juhu  Beach,Mumbai,Maharashtra,Maharashtra PCB,Monthly,Industrial Effluent,No Information,,Muncipal Sewage,Clear,Less than 50cm,Others,Yes,Clear,,0.0,28.0,4.4,8.0,32970.0,16.0,1.32,280.0,920.0,,1.0,5(BDL),122,14095.63,192.0,2.24,0.4,4600.0,720.0,3880.0,1901.5,7296,29222.0,25540.0,52,0.2,0.58,206.3,0.55,,19° 05.795,72° 49.564,19.096583333333335,72.82606666666666
2813,08-04-2025,Aug,10:05:00,"Sea Water at Ganapathipule, Village. Ganapatipule, Taluka. Ratnagiri,  District. Ratnagiri.",Sea,Ganptipule,Ganptipule,Ratnagiri,Maharashtra,Maharashtra PCB,Monthly,,B (Outdoor bathing(Organized)),,,Clear,50-100cm,"Bathing,Fishing,Boating,Tourism Spot,Idol Emersion Wading",Yes,Clear,Odor Free,0.0,28.0,6.9,7.9,47120.0,12.0,0.47,27.0,110.0,,1.0,14,104,18069.4,280.0,1.5(BDL),0.4,7390.0,1160.0,6230.0,3862,8300,38400.0,34560.0,14,0.2,,262,2.9,,17° 08.721,73° 15.930,17.14535,73.2655
2814,08-04-2025,Aug,12:00:00,"Sea water at Bhagwati Bunder, Ratnagiri near Ultra Tech Cement Jetty , Village. Mirkarwada, Taluka. Ratnagiri, District. Ratnagiri.",Sea,Bhagwati Bundar,Bhagwati Bundar,Ratnagiri,Maharashtra,Maharashtra PCB,Monthly,00-01-1900,B (Outdoor bathing(Organized)),,Muncipal Sewage,Clear,50-100cm,"Bathing,Fishing,Boating,Tourism Spot,Idol Emersion Wading",Yes,Clear,,0.0,28.0,7.0,7.9,46480.0,14.0,0.51,32.0,120.0,,1.0,12,110,18344.31,288.0,1.5(BDL),0.4,6320.0,1160.0,5160.0,3208,8400,37600.0,33840.0,14,0.2,,283,2.7,,16° 59.932,73° 16.349,16.998866666666668,73.27248333333333
2815,08-04-2025,Aug,11:35:00,"Madvi sea water at Ratnagiri near Jodhale Maruti Temple,  Village. Madvigaon, Taluka. Ratnagiri, District. Ratnagiri.",Sea,Mandvi,Mandvi,Ratnagiri,Maharashtra,Maharashtra PCB,Monthly,Industrial Effluent,B (Outdoor bathing(Organized)),,Muncipal Sewage,Clear,50-100cm,"Bathing,Fishing,Boating,Tourism Spot,Idol Emersion Wading",Yes,Clear,Odor Free,0.0,28.0,6.8,7.9,29670.0,13.0,0.4,13.0,70.0,,1.0,8,86,10246.82,252.0,1.5(BDL),0.42,4015.0,775.0,3240.0,2699,5200,24200.0,21780.0,13,0.2,,212,2.4,,16° 59.312,73° 17.055,16.988533333333333,73.28425
36,08-05-2025,Aug,12:30:00,"Krishna river at Krishna bridge, ( Krishna river at NH.4 bridge ) Village. Karad, Taluka. Karad, District. Satara.",River,Krishna,Krishna ,Satara,Maharashtra,Maharashtra PCB,Monthly,Industrial Effluent,A (Drinking Water source without conventional treatment but after disinfection),,Industrial,Raining,Less than 50cm,"Bathing,Washing",Yes,Light Brown,Odor Free,0.0,26.0,6.2,8.0,261.0,2.8,0.53,70.0,540.0,1.8(BDL),2.1,5(BDL),40,14,8.0,2.24,0.59,74.0,30.0,44.0,5.37,13.2,209.0,171.0,12,0.2,1.3,1(BDL),0.2(BDL),,17°17.690,74°11.321,17.294833333333333,74.18868333333333
37,08-05-2025,Aug,11:00:00,"Krishna river at Maighat, Village. Gawali gally, Taluka. Miraj,  District. Sangli.",River,Krishna,Krishna,Sangli,Maharashtra,Maharashtra PCB,Monthly,Industrial Effluent,A (Drinking Water source without conventional treatment but after disinfection),,Industrial,Cloudy,Less than 50cm,Others,No,Clear,Odor Free,0.0,26.0,5.9,7.9,3336.0,3.0,1.35,6.8,25.0,1.8(BDL),1.0,5(BDL),1260,24.39,12.0,1.5(BDL),0.52,131.0,78.6,52.4,23.84,11,246.0,221.0,12,0.2,,1(BDL),0.2(BDL),,16°51.710,74°33.459 ,16.861833333333333,74.55765
5792,08-04-2025,Aug,10:30:00,"Lonar surovar lake, near kamalja devi temple. Tal- lonar Dist- Buldhana",Lake,,,Akola,Maharashtra,Maharashtra PCB,Monthly,,A (Drinking Water source without conventional treatment but after disinfection),,,Clear,Less than 50cm,Others,Yes,Clear,,3.0,20.0,5.6,9.7,74240.0,31.0,1.6,1.8,1.8,1.8(BDL),1.9,428,1530,1044.68,128.0,1.68,0.4,146.8,35.4,111.4,108.6,1932.5,4751.0,4038.0,18,0.2,0.5(BDL),5,,,19.9719,76.50603,19.9719,76.50603
5793,08-04-2025,Aug,02:25:00,Thane creek Flamingo Sanctuary,Creek,,,Thane,Maharashtra,Maharashtra PCB,Monthly,Industrial Effluent,A (Drinking Water source without conventional treatment but after disinfection),,Industrial,Clear,Less than 50cm,Others,Yes,Clear,,0.0,26.0,4.4,7.3,1874.0,12.0,0.8,38.0,920.0,,16.9,5(BDL),202,471.85,80.0,2.24,1.25,254.0,104.0,150.0,52.76,262.97,1592.0,1402.0,55,1.36,0.5(BDL),31.52,0.2(BDL),,19.148643,72.98188,19.148643,72.98188
5978,08-05-2025,Aug,13:30:00,"Penganga river at washim- risod road bridge, village asegaonpen, Tal-risod, dist- washim",River,,,Amravati,Maharashtra,Maharashtra PCB,Monthly,Industrial Effluent,"E (Irrigation, industrial cooling and controlled waste)",,,Clear,50-100cm,"Bathing,Washing",No,Turbit,organic,0.5,27.0,6.8,8.5,415.0,4.1,1.4,220.0,350.0,1.8(BDL),6.4,10.8,190,22.49,12.0,1.5(BDL),0.4,179.8,110.4,69.4,20.14,31.3,278.0,239.0,23,,0.5(BDL),2.7,,,20.0338238,76.9576,20.0338238,76.9576
5979,08-06-2025,Aug,17:20:00,"Nag river near ambazari lake, Dist- Nagpur",River,,,Nagpur,Maharashtra,Maharashtra PCB,Monthly,Municipal Sewage,"E (Irrigation, industrial cooling and controlled waste)",,,Clear,Less than 50cm,Others,Yes,Clear,,0.0,24.0,6.1,7.5,395.0,4.6,0.99,1600.0,1600.0,2,1.3,5(BDL),178,38.49,20.0,2.24,0.69,185.8,128.8,57.0,28.87,31,280.0,235.0,12,1.73,0.5(BDL),3.5,0.2(BDL),,,,,
5980,08-06-2025,Aug,15:20:00,Nag river  near bhandewadi bridge Dist- Nagpur,River,,,Nagpur,Maharashtra,Maharashtra PCB,Monthly,Municipal Sewage,"E (Irrigation, industrial cooling and controlled waste)",,Muncipal Sewage,Clear,Less than 50cm,Others,Yes,Clear,,0.0,24.0,0.3,7.6,810.0,32.6,0.3,1600.0,1600.0,2,1.0,5(BDL),347,64.98,84.0,7.28,4.1,284.0,178.0,106.0,31.44,70.3,526.0,431.0,158,1.81,0.5(BDL),10,0.2(BDL),,,,,
5981,08-06-2025,Aug,15:00:00,"Nag river  near asoli road bridge, bhandara road, Dist- Nagpur",River,,,Nagpur,Maharashtra,Maharashtra PCB,Monthly,Municipal Sewage,"E (Irrigation, industrial cooling and controlled waste)",,,Clear,Less than 50cm,Others,Yes,Clear,,0.0,23.0,0.3,7.4,824.0,24.8,0.3,280.0,1600.0,1.8(BDL),1.2,5(BDL),324,69.98,60.0,4.48,2.14,281.2,177.4,103.8,32.42,74.4,527.0,412.6,188,0.2,0.5(BDL),10,0.2(BDL),,,,,
5982,08-06-2025,Aug,12:45:00,"Pilli river  near wanjara layout, kamptee road, Dist-Nagpur",River,,,Nagpur,Maharashtra,Maharashtra PCB,Monthly,Municipal Sewage,"E (Irrigation, industrial cooling and controlled waste)",,Muncipal Sewage,Clear,Less than 50cm,Others,Yes,Clear,,0.0,24.0,1.2,7.5,643.0,13.9,0.3,170.0,920.0,1.8(BDL),1.1,5(BDL),299,46.99,32.0,2.8,1.5,279.6,186.2,93.4,26.84,45.7,428.0,355.0,198,1.13,0.5(BDL),6.8,0.2(BDL),,,,,
5983,08-06-2025,Aug,11:55:00,"Pilli river  near, vill-mankapur on koradi road, Dist- Nagpur",River,,,Nagpur,Maharashtra,Maharashtra PCB,Monthly,Municipal Sewage,"E (Irrigation, industrial cooling and controlled waste)",,,Clear,Less than 50cm,"Bathing,Washing",Yes,Clear,,0.0,24.0,1.6,7.5,659.0,11.2,0.71,140.0,350.0,1.8(BDL),1.0,5(BDL),298,100.97,28.0,2.24,1.85,281.6,191.0,90.6,30.85,71.6,501.0,420.0,214,0.2,0.5(BDL),10,0.2(BDL),,,,,
5984,08-03-2025,Aug,05:30:00,"Wainganga river at kardha bridge, D/S of bhandara city, Dist- Bhandara",River,,,Bhandara,Maharashtra,Maharashtra PCB,Monthly,Industrial Effluent,A (Drinking Water source without conventional treatment but after disinfection),,Industrial,Clear,Less than 50cm,"Fishing,Others",Yes,Light Brown, Odourless,4.0,18.0,5.8,7.9,213.0,4.5,0.68,170.0,280.0,1.8(BDL),17.0,5(BDL),91,6.65,16.0,1.68,0.43,91.4,53.0,38.4,12.99,8.2,140.0,120.4,22,0.2,0.5(BDL),2.6,0.2(BDL),,21.150911,79.66716,21.150911,79.66716
5985,08-03-2025,Aug,04:00:00,"Gosekhurd Dam village - Gosekhurd, pauni, Dist- Bhandara",Dam,,,Bhandara,Maharashtra,Maharashtra PCB,Monthly,Industrial Effluent,A (Drinking Water source without conventional treatment but after disinfection),,Industrial,Clear,Less than 50cm,"Fishing,Others",Yes,Light Brown,Odourless,4.0,18.0,5.4,7.6,176.0,3.6,0.56,4.5,13.0,1.8(BDL),45.0,5(BDL),88,7.45,12.0,2.8,0.55,85.2,57.8,27.4,16.09,9.6,128.0,112.6,12,0.2,0.5(BDL),2.4,0.2(BDL),,20.875423,79.611417,20.875423,79.611417
5986,08-04-2025,Aug,11:05:00,"Bhogawati River water sample at Haldi KT Weir, Tal. Karveer, Dist. Kolhapur",River,,,Kolhapur,Maharashtra,Maharashtra PCB,Monthly,,No Information,,,Clear,Less than 50cm,"Bathing,Washing,Fishing,Others",No,Clear,,0.0,26.0,6.4,7.7,96.0,3.0,0.74,6.8,27.0,1.8(BDL),1.0,5(BDL),62,8.05,24.0,1.5(BDL),0.51,48.6,29.4,19.2,7.4,5(BDL),78.0,70.0,10(BDL),0.2,,1(BDL),0.32,,16.5833,74.15,16.5833,74.15
5987,08-04-2025,Aug,05:45:00,"Panchaganga River, Terwad bandhara, Dist- Kolhapur",River,,,Kolhapur,Maharashtra,Maharashtra PCB,Monthly,,No Information,,,Clear,Less than 50cm,"Bathing,Washing,Fishing,Others",No,Clear,,0.0,26.0,6.7,7.7,144.0,2.8,0.97,9.2,33.0,1.8(BDL),1.0,5(BDL),54,12.2,20.0,1.5(BDL),0.4,60.0,39.6,20.4,8.82,5(BDL),114.0,103.0,12,0.2,,1(BDL),0.44,,16.67253,74.572223,16.67253,74.572223
5988,08-04-2025,Aug,12:40:00,"Krishna River at nagthane KT weir, nagthane, Tal-Walwa, Dist-Sangli",River,,,Sangli,Maharashtra,Maharashtra PCB,Monthly,Industrial Effluent,A (Drinking Water source without conventional treatment but after disinfection),,Industrial,Cloudy,Less than 50cm,Others,No,Clear,Odor Free,0.0,27.0,6.1,7.9,2618.0,3.0,1.24,8.3,34.0,1.8(BDL),1.0,5(BDL),1080,17.74,20.0,1.5(BDL),0.54,112.0,67.4,44.6,15.14,8,202.0,182.0,12,0.2,,1(BDL),0.2(BDL),,17.02545,74.39523,17.02545,74.39523
5989,08-05-2025,Aug,11:25:00,"Krishna River at krishna ghat, miraj Dist-Sangli",River,,,Sangli,Maharashtra,Maharashtra PCB,Monthly,Industrial Effluent,A (Drinking Water source without conventional treatment but after disinfection),,Industrial,Cloudy,Less than 50cm,Others,No,Muddish,Odor Free,0.0,26.0,6.2,7.9,2725.0,3.0,1.45,8.1,33.0,1.8(BDL),1.0,5(BDL),1160,18.54,20.0,1.68,0.61,113.0,69.4,43.6,19.24,8.4,204.0,184.0,12,0.2,,1(BDL),0.22,,16.78852,74.6315,16.78852,74.6315
5990,08-05-2025,Aug,12:45:00,"Krishna River at new haripur bridge, Tal- Miraj, Dist-Sangli",River,,,Sangli,Maharashtra,Maharashtra PCB,Monthly,Industrial Effluent,A (Drinking Water source without conventional treatment but after disinfection),,Industrial,Cloudy,Less than 50cm,Others,No,Muddish,Odor Free,0.0,27.0,6.8,8.0,2348.0,2.8,1.1,6.1,26.0,1.8(BDL),1.0,5(BDL),1000,15.25,16.0,1.5(BDL),0.4,97.4,62.0,35.4,13.56,7,174.0,157.0,12,0.2,,1(BDL),0.22,,16.84793,74.53857,16.84793,74.53857
5991,08-03-2025,Aug,17:10:00,"Purna River, Yeldari dam, Dist- Parbhani",River,,,Parbhani,Maharashtra,Maharashtra PCB,Monthly,,C (Drinking water source),,,Clear,Greater than 100cm,Cultivation,Yes,Clear,,0.0,19.0,7.4,7.8,4231.0,3.2,0.66,1.8,20.0,1.8(BDL),1.01,6,132,32.99,16.0,4.48,2.4,122.0,58.0,64.0,35.28,32.62,356.0,321.0,10(BDL),1.01,0.53,3.49,0.98,,19.72034,76.73189,19.72034,76.73189
5992,08-05-2025,Aug,09:30:00,"Asna River, Dist- Nanded",River,,,Nanded,Maharashtra,Maharashtra PCB,Monthly,Industrial Effluent,A (Drinking Water source without conventional treatment but after disinfection),,Industrial,Clear,Less than 50cm,"Bathing,Fishing",Yes,Clear,,0.0,31.0,5.3,9.0,413.0,4.8,1.74,1.8,25.0,1.8(BDL),1.2,6,100,32.99,24.0,3.36,1.82,120.0,62.0,58.0,58.64,38.47,339.0,306.0,11,0.32,0.59,3.25,0.31,,19.175556,77.350556,19.175556,77.350556
5993,08-05-2025,Aug,14:05:00,Chandrabhaga river at chandur jahanpur thesil daryapur Dist- Amravati,River,,,Amravati,Maharashtra,Maharashtra PCB,Monthly,Industrial Effluent,"E (Irrigation, industrial cooling and controlled waste)",,,Clear,50-100cm,"Bathing,Washing",Yes,Slightly Turbit,Odor Free,0.5,29.0,6.0,8.5,384.0,4.2,0.41,79.0,240.0,1.8(BDL),4.1,9,179,27.14,16.0,1.5(BDL),0.4,135.0,78.6,56.4,18.94,36.9,277.0,235.0,16,0.2,0.5(BDL),2.7,,,20.941,77.338,20.941,77.338
5994,08-05-2025,Aug,13:10:00,"Purna river at Kolhapur Tal- Daryapur, Dist- Amravati",River,,,Amravati,Maharashtra,Maharashtra PCB,Monthly,Industrial Effluent,"E (Irrigation, industrial cooling and controlled waste)",,,Clear,50-100cm,"Bathing,Washing",Yes,Clear,,0.5,27.0,6.7,8.5,339.0,3.8,1.29,110.0,280.0,1.8(BDL),2.9,11.8,1952,25.44,16.0,1.5(BDL),0.4,190.8,105.4,85.4,18.94,32.1,272.0,234.0,14,,0.5(BDL),2.5,,,20.944,77.502,20.944,77.502
5995,08-08-2025,Aug,11:10:00,"Ujani dam pumping station, Dist- Solapur",Dam,,,Solapur,Maharashtra,Maharashtra PCB,Monthly,,C (Drinking water source),,,Clear,Greater than 100cm,"Bathing,Washing,Cultivation,Fishing,Boating,Gardening,Tourism Spot",No,Clear,,0.0,28.0,6.2,8.3,734.0,4.0,0.55,26.0,110.0,2,2.12,5(BDL),134,69.98,12.0,1.68,0.52,208.0,110.0,98.0,37.88,30.91,580.0,472.0,14,0.2,0.5(BDL),1(BDL),0.2(BDL),,,,,
5996,08-11-2025,Aug,17:20:00,"Ulhas river neral, Tal- Karjat, Dist- Raigad",River,,,Raigad,Maharashtra,Maharashtra PCB,Monthly,Industrial Effluent,A (Drinking Water source without conventional treatment but after disinfection),,Industrial,Clear,Less than 50cm,"Bathing,Washing,Gardening,Others",Yes,Clear,,0.0,29.0,7.2,7.4,148.0,3.0,0.59,14.0,140.0,1.8(BDL),8.64,5(BDL),72,14,12.0,1.5(BDL),0.4,62.0,32.0,30.0,5(BDL),8.21,120.0,106.0,14,0.24,0.5(BDL),1(BDL),0.2(BDL),,18.73856,73.32371,18.73856,73.32371
5997,08-06-2025,Aug,17:15:00,"Kundalika river , kolad, Dist- Raigad",River,,,Raigad,Maharashtra,Maharashtra PCB,Monthly,Industrial Effluent,A (Drinking Water source without conventional treatment but after disinfection),,Industrial,Clear,Less than 50cm,"Bathing,Washing,Gardening,Others",Yes,Clear,,0.0,28.0,7.2,7.6,225.0,3.0,0.3,23.0,140.0,1.8(BDL),1.0,5(BDL),32,15.5,8.0,1.5(BDL),0.4,30.0,14.0,16.0,5(BDL),7.15,192.0,168.0,10(BDL),0.2,0.5(BDL),1(BDL),0.2(BDL),,18.411402,73.2122,18.411402,73.2122
